To honour the JVM settings for this build a single-use Daemon process will be forked. For more on this, please refer to https://docs.gradle.org/8.10.2/userguide/gradle_daemon.html#sec:disabling_the_daemon in the Gradle documentation.
Daemon will be stopped at the end of the build 
> Task :gradle-plugin:settings-plugin:checkKotlinGradlePluginConfigurationErrors SKIPPED
> Task :gradle-plugin:shared:checkKotlinGradlePluginConfigurationErrors SKIPPED
> Task :gradle-plugin:shared:compileKotlin UP-TO-DATE
> Task :gradle-plugin:shared:compileJava NO-SOURCE
> Task :gradle-plugin:shared:processResources NO-SOURCE
> Task :gradle-plugin:shared:classes UP-TO-DATE
> Task :gradle-plugin:shared:jar UP-TO-DATE
> Task :gradle-plugin:settings-plugin:compileKotlin UP-TO-DATE
> Task :gradle-plugin:settings-plugin:compileJava NO-SOURCE
> Task :gradle-plugin:settings-plugin:pluginDescriptors UP-TO-DATE
> Task :gradle-plugin:settings-plugin:processResources UP-TO-DATE
> Task :gradle-plugin:settings-plugin:classes UP-TO-DATE
> Task :gradle-plugin:settings-plugin:jar UP-TO-DATE
> Task :gradle-plugin:react-native-gradle-plugin:checkKotlinGradlePluginConfigurationErrors SKIPPED
> Task :gradle-plugin:react-native-gradle-plugin:compileKotlin UP-TO-DATE
> Task :gradle-plugin:react-native-gradle-plugin:compileJava NO-SOURCE
> Task :gradle-plugin:react-native-gradle-plugin:pluginDescriptors UP-TO-DATE
> Task :gradle-plugin:react-native-gradle-plugin:processResources UP-TO-DATE
> Task :gradle-plugin:react-native-gradle-plugin:classes UP-TO-DATE
> Task :gradle-plugin:react-native-gradle-plugin:jar UP-TO-DATE

> Configure project :react-native-firebase_app
:react-native-firebase_app package.json found at /Users/pavan/Documents/klatchup/klatchup/node_modules/@react-native-firebase/app/package.json
:react-native-firebase_app:firebase.bom using default value: 33.13.0
:react-native-firebase_app:play.play-services-auth using default value: 21.3.0
:react-native-firebase_app package.json found at /Users/pavan/Documents/klatchup/klatchup/node_modules/@react-native-firebase/app/package.json
:react-native-firebase_app:version set from package.json: 22.2.0 (22,2,0 - 22002000)
:react-native-firebase_app:android.compileSdk using custom value: 35
:react-native-firebase_app:android.targetSdk using custom value: 34
:react-native-firebase_app:android.minSdk using custom value: 24
:react-native-firebase_app:reactNativeAndroidDir /Users/pavan/Documents/klatchup/klatchup/node_modules/react-native/android

> Configure project :react-native-firebase_auth
:react-native-firebase_auth package.json found at /Users/pavan/Documents/klatchup/klatchup/node_modules/@react-native-firebase/auth/package.json
:react-native-firebase_app package.json found at /Users/pavan/Documents/klatchup/klatchup/node_modules/@react-native-firebase/app/package.json
:react-native-firebase_auth:firebase.bom using default value: 33.13.0
:react-native-firebase_auth package.json found at /Users/pavan/Documents/klatchup/klatchup/node_modules/@react-native-firebase/auth/package.json
:react-native-firebase_auth:version set from package.json: 22.2.0 (22,2,0 - 22002000)
:react-native-firebase_auth:android.compileSdk using custom value: 35
:react-native-firebase_auth:android.targetSdk using custom value: 34
:react-native-firebase_auth:android.minSdk using custom value: 24
:react-native-firebase_auth:reactNativeAndroidDir /Users/pavan/Documents/klatchup/klatchup/node_modules/react-native/android

> Configure project :react-native-firebase_database
:react-native-firebase_database package.json found at /Users/pavan/Documents/klatchup/klatchup/node_modules/@react-native-firebase/database/package.json
:react-native-firebase_app package.json found at /Users/pavan/Documents/klatchup/klatchup/node_modules/@react-native-firebase/app/package.json
:react-native-firebase_database:firebase.bom using default value: 33.13.0
:react-native-firebase_database package.json found at /Users/pavan/Documents/klatchup/klatchup/node_modules/@react-native-firebase/database/package.json
:react-native-firebase_database:version set from package.json: 22.2.0 (22,2,0 - 22002000)
:react-native-firebase_database:android.compileSdk using custom value: 35
:react-native-firebase_database:android.targetSdk using custom value: 34
:react-native-firebase_database:android.minSdk using custom value: 24
:react-native-firebase_database:reactNativeAndroidDir /Users/pavan/Documents/klatchup/klatchup/node_modules/react-native/android

> Configure project :react-native-firebase_messaging
:react-native-firebase_messaging package.json found at /Users/pavan/Documents/klatchup/klatchup/node_modules/@react-native-firebase/messaging/package.json
:react-native-firebase_app package.json found at /Users/pavan/Documents/klatchup/klatchup/node_modules/@react-native-firebase/app/package.json
:react-native-firebase_messaging:firebase.bom using default value: 33.13.0
:react-native-firebase_messaging package.json found at /Users/pavan/Documents/klatchup/klatchup/node_modules/@react-native-firebase/messaging/package.json
:react-native-firebase_messaging:version set from package.json: 22.2.0 (22,2,0 - 22002000)
:react-native-firebase_messaging:android.compileSdk using custom value: 35
:react-native-firebase_messaging:android.targetSdk using custom value: 34
:react-native-firebase_messaging:android.minSdk using custom value: 24
:react-native-firebase_messaging:reactNativeAndroidDir /Users/pavan/Documents/klatchup/klatchup/node_modules/react-native/android

> Configure project :react-native-reanimated
Android gradle plugin: 8.7.2
Gradle: 8.10.2

> Task :app:generateAutolinkingNewArchitectureFiles UP-TO-DATE
> Task :app:generateAutolinkingPackageList UP-TO-DATE
> Task :app:generateCodegenSchemaFromJavaScript SKIPPED
> Task :app:generateCodegenArtifactsFromSchema SKIPPED
> Task :app:preBuild UP-TO-DATE
> Task :app:preDebugBuild UP-TO-DATE
> Task :app:mergeDebugNativeDebugMetadata NO-SOURCE
> Task :app:checkKotlinGradlePluginConfigurationErrors SKIPPED
> Task :app:generateDebugBuildConfig UP-TO-DATE
> Task :react-native-async-storage_async-storage:generateCodegenSchemaFromJavaScript UP-TO-DATE
> Task :react-native-async-storage_async-storage:generateCodegenArtifactsFromSchema UP-TO-DATE
> Task :react-native-async-storage_async-storage:preBuild UP-TO-DATE
> Task :react-native-async-storage_async-storage:preDebugBuild UP-TO-DATE
> Task :react-native-async-storage_async-storage:writeDebugAarMetadata UP-TO-DATE
> Task :react-native-community_masked-view:preBuild UP-TO-DATE
> Task :react-native-community_masked-view:preDebugBuild UP-TO-DATE
> Task :react-native-community_masked-view:writeDebugAarMetadata UP-TO-DATE
> Task :react-native-drop-shadow:generateCodegenSchemaFromJavaScript SKIPPED
> Task :react-native-drop-shadow:generateCodegenArtifactsFromSchema SKIPPED
> Task :react-native-drop-shadow:preBuild UP-TO-DATE
> Task :react-native-drop-shadow:preDebugBuild UP-TO-DATE
> Task :react-native-drop-shadow:writeDebugAarMetadata UP-TO-DATE
> Task :react-native-firebase_app:preBuild UP-TO-DATE
> Task :react-native-firebase_app:preDebugBuild UP-TO-DATE
> Task :react-native-firebase_app:writeDebugAarMetadata UP-TO-DATE
> Task :react-native-firebase_auth:preBuild UP-TO-DATE
> Task :react-native-firebase_auth:preDebugBuild UP-TO-DATE
> Task :react-native-firebase_auth:writeDebugAarMetadata UP-TO-DATE
> Task :react-native-firebase_database:preBuild UP-TO-DATE
> Task :react-native-firebase_database:preDebugBuild UP-TO-DATE
> Task :react-native-firebase_database:writeDebugAarMetadata UP-TO-DATE
> Task :react-native-firebase_messaging:preBuild UP-TO-DATE
> Task :react-native-firebase_messaging:preDebugBuild UP-TO-DATE
> Task :react-native-firebase_messaging:writeDebugAarMetadata UP-TO-DATE
> Task :react-native-geolocation-service:preBuild UP-TO-DATE
> Task :react-native-geolocation-service:preDebugBuild UP-TO-DATE
> Task :react-native-geolocation-service:writeDebugAarMetadata UP-TO-DATE
> Task :react-native-gesture-handler:generateCodegenSchemaFromJavaScript UP-TO-DATE
> Task :react-native-gesture-handler:generateCodegenArtifactsFromSchema UP-TO-DATE
> Task :react-native-gesture-handler:preBuild UP-TO-DATE
> Task :react-native-gesture-handler:preDebugBuild UP-TO-DATE
> Task :react-native-gesture-handler:writeDebugAarMetadata UP-TO-DATE
> Task :react-native-image-crop-picker:preBuild UP-TO-DATE
> Task :react-native-image-crop-picker:preDebugBuild UP-TO-DATE
> Task :react-native-image-crop-picker:writeDebugAarMetadata UP-TO-DATE
> Task :react-native-linear-gradient:preBuild UP-TO-DATE
> Task :react-native-linear-gradient:preDebugBuild UP-TO-DATE
> Task :react-native-linear-gradient:writeDebugAarMetadata UP-TO-DATE
> Task :react-native-radial-gradient:preBuild UP-TO-DATE
> Task :react-native-radial-gradient:preDebugBuild UP-TO-DATE
> Task :react-native-radial-gradient:writeDebugAarMetadata UP-TO-DATE
> Task :react-native-reanimated:assertMinimalReactNativeVersionTask SKIPPED
> Task :react-native-reanimated:generateCodegenSchemaFromJavaScript UP-TO-DATE
> Task :react-native-reanimated:generateCodegenArtifactsFromSchema UP-TO-DATE
> Task :react-native-reanimated:prepareReanimatedHeadersForPrefabs UP-TO-DATE
> Task :react-native-reanimated:prepareWorkletsHeadersForPrefabs UP-TO-DATE
> Task :react-native-reanimated:preBuild UP-TO-DATE
> Task :react-native-reanimated:preDebugBuild UP-TO-DATE
> Task :react-native-reanimated:writeDebugAarMetadata UP-TO-DATE
> Task :react-native-safe-area-context:generateCodegenSchemaFromJavaScript UP-TO-DATE
> Task :react-native-safe-area-context:generateCodegenArtifactsFromSchema UP-TO-DATE
> Task :react-native-safe-area-context:preBuild UP-TO-DATE
> Task :react-native-safe-area-context:preDebugBuild UP-TO-DATE
> Task :react-native-safe-area-context:writeDebugAarMetadata UP-TO-DATE
> Task :react-native-screens:generateCodegenSchemaFromJavaScript UP-TO-DATE
> Task :react-native-screens:generateCodegenArtifactsFromSchema UP-TO-DATE
> Task :react-native-screens:preBuild UP-TO-DATE
> Task :react-native-screens:preDebugBuild UP-TO-DATE
> Task :react-native-screens:writeDebugAarMetadata UP-TO-DATE
> Task :react-native-svg:generateCodegenSchemaFromJavaScript UP-TO-DATE
> Task :react-native-svg:generateCodegenArtifactsFromSchema UP-TO-DATE
> Task :react-native-svg:preBuild UP-TO-DATE
> Task :react-native-svg:preDebugBuild UP-TO-DATE
> Task :react-native-svg:writeDebugAarMetadata UP-TO-DATE
> Task :app:checkDebugAarMetadata UP-TO-DATE
> Task :app:generateDebugResValues UP-TO-DATE
> Task :app:processDebugGoogleServices UP-TO-DATE
> Task :react-native-async-storage_async-storage:generateDebugResValues UP-TO-DATE
> Task :react-native-async-storage_async-storage:generateDebugResources UP-TO-DATE
> Task :react-native-async-storage_async-storage:packageDebugResources UP-TO-DATE
> Task :react-native-community_masked-view:generateDebugResValues UP-TO-DATE
> Task :react-native-community_masked-view:generateDebugResources UP-TO-DATE
> Task :react-native-community_masked-view:packageDebugResources UP-TO-DATE
> Task :react-native-drop-shadow:generateDebugResValues UP-TO-DATE
> Task :react-native-drop-shadow:generateDebugResources UP-TO-DATE
> Task :react-native-drop-shadow:packageDebugResources UP-TO-DATE
> Task :react-native-firebase_app:generateDebugResValues UP-TO-DATE
> Task :react-native-firebase_app:generateDebugResources UP-TO-DATE
> Task :react-native-firebase_app:packageDebugResources UP-TO-DATE
> Task :react-native-firebase_auth:generateDebugResValues UP-TO-DATE
> Task :react-native-firebase_auth:generateDebugResources UP-TO-DATE
> Task :react-native-firebase_auth:packageDebugResources UP-TO-DATE
> Task :react-native-firebase_database:generateDebugResValues UP-TO-DATE
> Task :react-native-firebase_database:generateDebugResources UP-TO-DATE
> Task :react-native-firebase_database:packageDebugResources UP-TO-DATE
> Task :react-native-firebase_messaging:generateDebugResValues UP-TO-DATE
> Task :react-native-firebase_messaging:generateDebugResources UP-TO-DATE
> Task :react-native-firebase_messaging:packageDebugResources UP-TO-DATE
> Task :react-native-geolocation-service:generateDebugResValues UP-TO-DATE
> Task :react-native-geolocation-service:generateDebugResources UP-TO-DATE
> Task :react-native-geolocation-service:packageDebugResources UP-TO-DATE
> Task :react-native-gesture-handler:generateDebugResValues UP-TO-DATE
> Task :react-native-gesture-handler:generateDebugResources UP-TO-DATE
> Task :react-native-gesture-handler:packageDebugResources UP-TO-DATE
> Task :react-native-image-crop-picker:generateDebugResValues UP-TO-DATE
> Task :react-native-image-crop-picker:generateDebugResources UP-TO-DATE
> Task :react-native-image-crop-picker:packageDebugResources UP-TO-DATE
> Task :react-native-linear-gradient:generateDebugResValues UP-TO-DATE
> Task :react-native-linear-gradient:generateDebugResources UP-TO-DATE
> Task :react-native-linear-gradient:packageDebugResources UP-TO-DATE
> Task :react-native-radial-gradient:generateDebugResValues UP-TO-DATE
> Task :react-native-radial-gradient:generateDebugResources UP-TO-DATE
> Task :react-native-radial-gradient:packageDebugResources UP-TO-DATE
> Task :react-native-reanimated:generateDebugResValues UP-TO-DATE
> Task :react-native-reanimated:generateDebugResources UP-TO-DATE
> Task :react-native-reanimated:packageDebugResources UP-TO-DATE
> Task :react-native-safe-area-context:generateDebugResValues UP-TO-DATE
> Task :react-native-safe-area-context:generateDebugResources UP-TO-DATE
> Task :react-native-safe-area-context:packageDebugResources UP-TO-DATE
> Task :react-native-screens:generateDebugResValues UP-TO-DATE
> Task :react-native-screens:generateDebugResources UP-TO-DATE
> Task :react-native-screens:packageDebugResources UP-TO-DATE
> Task :react-native-svg:generateDebugResValues UP-TO-DATE
> Task :react-native-svg:generateDebugResources UP-TO-DATE
> Task :react-native-svg:packageDebugResources UP-TO-DATE
> Task :app:mapDebugSourceSetPaths UP-TO-DATE
> Task :app:generateDebugResources UP-TO-DATE
> Task :app:mergeDebugResources UP-TO-DATE
> Task :app:packageDebugResources UP-TO-DATE
> Task :app:parseDebugLocalResources UP-TO-DATE
> Task :app:createDebugCompatibleScreenManifests UP-TO-DATE
> Task :app:extractDeepLinksDebug UP-TO-DATE
> Task :react-native-async-storage_async-storage:extractDeepLinksDebug UP-TO-DATE
> Task :react-native-async-storage_async-storage:processDebugManifest UP-TO-DATE
> Task :react-native-community_masked-view:extractDeepLinksDebug UP-TO-DATE
> Task :react-native-community_masked-view:processDebugManifest UP-TO-DATE
> Task :react-native-drop-shadow:extractDeepLinksDebug UP-TO-DATE
> Task :react-native-drop-shadow:processDebugManifest UP-TO-DATE
> Task :react-native-firebase_app:extractDeepLinksDebug UP-TO-DATE
> Task :react-native-firebase_app:processDebugManifest UP-TO-DATE
> Task :react-native-firebase_auth:extractDeepLinksDebug UP-TO-DATE
> Task :react-native-firebase_auth:processDebugManifest UP-TO-DATE
> Task :react-native-firebase_database:extractDeepLinksDebug UP-TO-DATE
> Task :react-native-firebase_database:processDebugManifest UP-TO-DATE
> Task :react-native-firebase_messaging:extractDeepLinksDebug UP-TO-DATE
> Task :react-native-firebase_messaging:processDebugManifest UP-TO-DATE
> Task :react-native-geolocation-service:extractDeepLinksDebug UP-TO-DATE
> Task :react-native-geolocation-service:processDebugManifest UP-TO-DATE
> Task :react-native-gesture-handler:extractDeepLinksDebug UP-TO-DATE
> Task :react-native-gesture-handler:processDebugManifest UP-TO-DATE
> Task :react-native-image-crop-picker:extractDeepLinksDebug UP-TO-DATE
> Task :react-native-image-crop-picker:processDebugManifest UP-TO-DATE
> Task :react-native-linear-gradient:extractDeepLinksDebug UP-TO-DATE
> Task :react-native-linear-gradient:processDebugManifest UP-TO-DATE
> Task :react-native-radial-gradient:extractDeepLinksDebug UP-TO-DATE
> Task :react-native-radial-gradient:processDebugManifest UP-TO-DATE
> Task :react-native-reanimated:extractDeepLinksDebug UP-TO-DATE
> Task :react-native-reanimated:processDebugManifest UP-TO-DATE
> Task :react-native-safe-area-context:extractDeepLinksDebug UP-TO-DATE
> Task :react-native-safe-area-context:processDebugManifest UP-TO-DATE
> Task :react-native-screens:extractDeepLinksDebug UP-TO-DATE
> Task :react-native-screens:processDebugManifest UP-TO-DATE
> Task :react-native-svg:extractDeepLinksDebug UP-TO-DATE
> Task :react-native-svg:processDebugManifest UP-TO-DATE
> Task :app:processDebugMainManifest UP-TO-DATE
> Task :app:processDebugManifest UP-TO-DATE
> Task :app:processDebugManifestForPackage UP-TO-DATE
> Task :react-native-async-storage_async-storage:compileDebugLibraryResources UP-TO-DATE
> Task :react-native-async-storage_async-storage:parseDebugLocalResources UP-TO-DATE
> Task :react-native-async-storage_async-storage:generateDebugRFile UP-TO-DATE
> Task :react-native-community_masked-view:compileDebugLibraryResources UP-TO-DATE
> Task :react-native-community_masked-view:parseDebugLocalResources UP-TO-DATE
> Task :react-native-community_masked-view:generateDebugRFile UP-TO-DATE
> Task :react-native-drop-shadow:compileDebugLibraryResources UP-TO-DATE
> Task :react-native-drop-shadow:parseDebugLocalResources UP-TO-DATE
> Task :react-native-drop-shadow:generateDebugRFile UP-TO-DATE
> Task :react-native-firebase_app:compileDebugLibraryResources UP-TO-DATE
> Task :react-native-firebase_app:parseDebugLocalResources UP-TO-DATE
> Task :react-native-firebase_app:generateDebugRFile UP-TO-DATE
> Task :react-native-firebase_auth:compileDebugLibraryResources UP-TO-DATE
> Task :react-native-firebase_auth:parseDebugLocalResources UP-TO-DATE
> Task :react-native-firebase_auth:generateDebugRFile UP-TO-DATE
> Task :react-native-firebase_database:compileDebugLibraryResources UP-TO-DATE
> Task :react-native-firebase_database:parseDebugLocalResources UP-TO-DATE
> Task :react-native-firebase_database:generateDebugRFile UP-TO-DATE
> Task :react-native-firebase_messaging:compileDebugLibraryResources UP-TO-DATE
> Task :react-native-firebase_messaging:parseDebugLocalResources UP-TO-DATE
> Task :react-native-firebase_messaging:generateDebugRFile UP-TO-DATE
> Task :react-native-geolocation-service:compileDebugLibraryResources UP-TO-DATE
> Task :react-native-geolocation-service:parseDebugLocalResources UP-TO-DATE
> Task :react-native-geolocation-service:generateDebugRFile UP-TO-DATE
> Task :react-native-gesture-handler:compileDebugLibraryResources UP-TO-DATE
> Task :react-native-gesture-handler:parseDebugLocalResources UP-TO-DATE
> Task :react-native-gesture-handler:generateDebugRFile UP-TO-DATE
> Task :react-native-image-crop-picker:compileDebugLibraryResources UP-TO-DATE
> Task :react-native-image-crop-picker:parseDebugLocalResources UP-TO-DATE
> Task :react-native-image-crop-picker:generateDebugRFile UP-TO-DATE
> Task :react-native-linear-gradient:compileDebugLibraryResources UP-TO-DATE
> Task :react-native-linear-gradient:parseDebugLocalResources UP-TO-DATE
> Task :react-native-linear-gradient:generateDebugRFile UP-TO-DATE
> Task :react-native-radial-gradient:compileDebugLibraryResources UP-TO-DATE
> Task :react-native-radial-gradient:parseDebugLocalResources UP-TO-DATE
> Task :react-native-radial-gradient:generateDebugRFile UP-TO-DATE
> Task :react-native-reanimated:compileDebugLibraryResources UP-TO-DATE
> Task :react-native-reanimated:parseDebugLocalResources UP-TO-DATE
> Task :react-native-reanimated:generateDebugRFile UP-TO-DATE
> Task :react-native-safe-area-context:compileDebugLibraryResources UP-TO-DATE
> Task :react-native-safe-area-context:parseDebugLocalResources UP-TO-DATE
> Task :react-native-safe-area-context:generateDebugRFile UP-TO-DATE
> Task :react-native-screens:compileDebugLibraryResources UP-TO-DATE
> Task :react-native-screens:parseDebugLocalResources UP-TO-DATE
> Task :react-native-screens:generateDebugRFile UP-TO-DATE
> Task :react-native-svg:compileDebugLibraryResources UP-TO-DATE
> Task :react-native-svg:parseDebugLocalResources UP-TO-DATE
> Task :react-native-svg:generateDebugRFile UP-TO-DATE
> Task :app:processDebugResources UP-TO-DATE
> Task :react-native-async-storage_async-storage:generateDebugBuildConfig UP-TO-DATE
> Task :react-native-async-storage_async-storage:javaPreCompileDebug UP-TO-DATE
> Task :react-native-async-storage_async-storage:compileDebugJavaWithJavac UP-TO-DATE
> Task :react-native-async-storage_async-storage:bundleLibCompileToJarDebug UP-TO-DATE
> Task :react-native-community_masked-view:generateDebugBuildConfig UP-TO-DATE
> Task :react-native-community_masked-view:javaPreCompileDebug UP-TO-DATE
> Task :react-native-community_masked-view:compileDebugJavaWithJavac UP-TO-DATE
> Task :react-native-community_masked-view:bundleLibCompileToJarDebug UP-TO-DATE
> Task :react-native-drop-shadow:checkKotlinGradlePluginConfigurationErrors SKIPPED
> Task :react-native-drop-shadow:generateDebugBuildConfig UP-TO-DATE
> Task :react-native-drop-shadow:compileDebugKotlin UP-TO-DATE
> Task :react-native-drop-shadow:javaPreCompileDebug UP-TO-DATE
> Task :react-native-drop-shadow:compileDebugJavaWithJavac UP-TO-DATE
> Task :react-native-drop-shadow:bundleLibCompileToJarDebug UP-TO-DATE
> Task :react-native-firebase_app:generateDebugBuildConfig UP-TO-DATE
> Task :react-native-firebase_app:javaPreCompileDebug UP-TO-DATE
> Task :react-native-firebase_app:compileDebugJavaWithJavac UP-TO-DATE
> Task :react-native-firebase_app:bundleLibCompileToJarDebug UP-TO-DATE
> Task :react-native-firebase_auth:generateDebugBuildConfig UP-TO-DATE
> Task :react-native-firebase_auth:javaPreCompileDebug UP-TO-DATE
> Task :react-native-firebase_auth:compileDebugJavaWithJavac UP-TO-DATE
> Task :react-native-firebase_auth:bundleLibCompileToJarDebug UP-TO-DATE
> Task :react-native-firebase_database:generateDebugBuildConfig UP-TO-DATE
> Task :react-native-firebase_database:javaPreCompileDebug UP-TO-DATE
> Task :react-native-firebase_database:compileDebugJavaWithJavac UP-TO-DATE
> Task :react-native-firebase_database:bundleLibCompileToJarDebug UP-TO-DATE
> Task :react-native-firebase_messaging:generateDebugBuildConfig UP-TO-DATE
> Task :react-native-firebase_messaging:javaPreCompileDebug UP-TO-DATE
> Task :react-native-firebase_messaging:compileDebugJavaWithJavac UP-TO-DATE
> Task :react-native-firebase_messaging:bundleLibCompileToJarDebug UP-TO-DATE
> Task :react-native-geolocation-service:generateDebugBuildConfig UP-TO-DATE
> Task :react-native-geolocation-service:javaPreCompileDebug UP-TO-DATE
> Task :react-native-geolocation-service:compileDebugJavaWithJavac UP-TO-DATE
> Task :react-native-geolocation-service:bundleLibCompileToJarDebug UP-TO-DATE
> Task :react-native-gesture-handler:checkKotlinGradlePluginConfigurationErrors SKIPPED
> Task :react-native-gesture-handler:generateDebugBuildConfig UP-TO-DATE
> Task :react-native-reanimated:generateDebugBuildConfig UP-TO-DATE
> Task :react-native-reanimated:javaPreCompileDebug UP-TO-DATE
> Task :react-native-reanimated:packageNdkLibs NO-SOURCE
> Task :react-native-reanimated:compileDebugJavaWithJavac UP-TO-DATE
> Task :react-native-reanimated:bundleLibCompileToJarDebug UP-TO-DATE
> Task :react-native-svg:generateDebugBuildConfig UP-TO-DATE
> Task :react-native-svg:javaPreCompileDebug UP-TO-DATE
> Task :react-native-svg:compileDebugJavaWithJavac UP-TO-DATE
> Task :react-native-svg:bundleLibCompileToJarDebug UP-TO-DATE
> Task :react-native-gesture-handler:compileDebugKotlin UP-TO-DATE
> Task :react-native-gesture-handler:javaPreCompileDebug UP-TO-DATE
> Task :react-native-gesture-handler:compileDebugJavaWithJavac UP-TO-DATE
> Task :react-native-gesture-handler:bundleLibCompileToJarDebug UP-TO-DATE
> Task :react-native-image-crop-picker:generateDebugBuildConfig UP-TO-DATE
> Task :react-native-image-crop-picker:javaPreCompileDebug UP-TO-DATE
> Task :react-native-image-crop-picker:compileDebugJavaWithJavac UP-TO-DATE
> Task :react-native-image-crop-picker:bundleLibCompileToJarDebug UP-TO-DATE
> Task :react-native-linear-gradient:generateDebugBuildConfig UP-TO-DATE
> Task :react-native-linear-gradient:javaPreCompileDebug UP-TO-DATE
> Task :react-native-linear-gradient:compileDebugJavaWithJavac UP-TO-DATE
> Task :react-native-linear-gradient:bundleLibCompileToJarDebug UP-TO-DATE
> Task :react-native-radial-gradient:generateDebugBuildConfig UP-TO-DATE
> Task :react-native-radial-gradient:javaPreCompileDebug UP-TO-DATE
> Task :react-native-radial-gradient:compileDebugJavaWithJavac UP-TO-DATE
> Task :react-native-radial-gradient:bundleLibCompileToJarDebug UP-TO-DATE
> Task :react-native-safe-area-context:checkKotlinGradlePluginConfigurationErrors SKIPPED
> Task :react-native-safe-area-context:generateDebugBuildConfig UP-TO-DATE
> Task :react-native-safe-area-context:compileDebugKotlin UP-TO-DATE
> Task :react-native-safe-area-context:javaPreCompileDebug UP-TO-DATE
> Task :react-native-safe-area-context:compileDebugJavaWithJavac UP-TO-DATE
> Task :react-native-safe-area-context:bundleLibCompileToJarDebug UP-TO-DATE
> Task :react-native-screens:checkKotlinGradlePluginConfigurationErrors SKIPPED
> Task :react-native-screens:generateDebugBuildConfig UP-TO-DATE
> Task :react-native-screens:compileDebugKotlin UP-TO-DATE
> Task :react-native-screens:javaPreCompileDebug UP-TO-DATE
> Task :react-native-screens:compileDebugJavaWithJavac UP-TO-DATE
> Task :react-native-screens:bundleLibCompileToJarDebug UP-TO-DATE
> Task :app:compileDebugKotlin UP-TO-DATE
> Task :app:javaPreCompileDebug UP-TO-DATE
> Task :app:compileDebugJavaWithJavac UP-TO-DATE
> Task :app:mergeDebugShaders UP-TO-DATE
> Task :app:compileDebugShaders NO-SOURCE
> Task :app:generateDebugAssets UP-TO-DATE
> Task :react-native-async-storage_async-storage:mergeDebugShaders UP-TO-DATE
> Task :react-native-async-storage_async-storage:compileDebugShaders NO-SOURCE
> Task :react-native-async-storage_async-storage:generateDebugAssets UP-TO-DATE
> Task :react-native-async-storage_async-storage:packageDebugAssets UP-TO-DATE
> Task :react-native-community_masked-view:mergeDebugShaders UP-TO-DATE
> Task :react-native-community_masked-view:compileDebugShaders NO-SOURCE
> Task :react-native-community_masked-view:generateDebugAssets UP-TO-DATE
> Task :react-native-community_masked-view:packageDebugAssets UP-TO-DATE
> Task :react-native-drop-shadow:mergeDebugShaders UP-TO-DATE
> Task :react-native-drop-shadow:compileDebugShaders NO-SOURCE
> Task :react-native-drop-shadow:generateDebugAssets UP-TO-DATE
> Task :react-native-drop-shadow:packageDebugAssets UP-TO-DATE
> Task :react-native-firebase_app:mergeDebugShaders UP-TO-DATE
> Task :react-native-firebase_app:compileDebugShaders NO-SOURCE
> Task :react-native-firebase_app:generateDebugAssets UP-TO-DATE
> Task :react-native-firebase_app:packageDebugAssets UP-TO-DATE
> Task :react-native-firebase_auth:mergeDebugShaders UP-TO-DATE
> Task :react-native-firebase_auth:compileDebugShaders NO-SOURCE
> Task :react-native-firebase_auth:generateDebugAssets UP-TO-DATE
> Task :react-native-firebase_auth:packageDebugAssets UP-TO-DATE
> Task :react-native-firebase_database:mergeDebugShaders UP-TO-DATE
> Task :react-native-firebase_database:compileDebugShaders NO-SOURCE
> Task :react-native-firebase_database:generateDebugAssets UP-TO-DATE
> Task :react-native-firebase_database:packageDebugAssets UP-TO-DATE
> Task :react-native-firebase_messaging:mergeDebugShaders UP-TO-DATE
> Task :react-native-firebase_messaging:compileDebugShaders NO-SOURCE
> Task :react-native-firebase_messaging:generateDebugAssets UP-TO-DATE
> Task :react-native-firebase_messaging:packageDebugAssets UP-TO-DATE
> Task :react-native-geolocation-service:mergeDebugShaders UP-TO-DATE
> Task :react-native-geolocation-service:compileDebugShaders NO-SOURCE
> Task :react-native-geolocation-service:generateDebugAssets UP-TO-DATE
> Task :react-native-geolocation-service:packageDebugAssets UP-TO-DATE
> Task :react-native-gesture-handler:mergeDebugShaders UP-TO-DATE
> Task :react-native-gesture-handler:compileDebugShaders NO-SOURCE
> Task :react-native-gesture-handler:generateDebugAssets UP-TO-DATE
> Task :react-native-gesture-handler:packageDebugAssets UP-TO-DATE
> Task :react-native-image-crop-picker:mergeDebugShaders UP-TO-DATE
> Task :react-native-image-crop-picker:compileDebugShaders NO-SOURCE
> Task :react-native-image-crop-picker:generateDebugAssets UP-TO-DATE
> Task :react-native-image-crop-picker:packageDebugAssets UP-TO-DATE
> Task :react-native-linear-gradient:mergeDebugShaders UP-TO-DATE
> Task :react-native-linear-gradient:compileDebugShaders NO-SOURCE
> Task :react-native-linear-gradient:generateDebugAssets UP-TO-DATE
> Task :react-native-linear-gradient:packageDebugAssets UP-TO-DATE
> Task :react-native-radial-gradient:mergeDebugShaders UP-TO-DATE
> Task :react-native-radial-gradient:compileDebugShaders NO-SOURCE
> Task :react-native-radial-gradient:generateDebugAssets UP-TO-DATE
> Task :react-native-radial-gradient:packageDebugAssets UP-TO-DATE
> Task :react-native-reanimated:mergeDebugShaders UP-TO-DATE
> Task :react-native-reanimated:compileDebugShaders NO-SOURCE
> Task :react-native-reanimated:generateDebugAssets UP-TO-DATE
> Task :react-native-reanimated:packageDebugAssets UP-TO-DATE
> Task :react-native-safe-area-context:mergeDebugShaders UP-TO-DATE
> Task :react-native-safe-area-context:compileDebugShaders NO-SOURCE
> Task :react-native-safe-area-context:generateDebugAssets UP-TO-DATE
> Task :react-native-safe-area-context:packageDebugAssets UP-TO-DATE
> Task :react-native-screens:mergeDebugShaders UP-TO-DATE
> Task :react-native-screens:compileDebugShaders NO-SOURCE
> Task :react-native-screens:generateDebugAssets UP-TO-DATE
> Task :react-native-screens:packageDebugAssets UP-TO-DATE
> Task :react-native-svg:mergeDebugShaders UP-TO-DATE
> Task :react-native-svg:compileDebugShaders NO-SOURCE
> Task :react-native-svg:generateDebugAssets UP-TO-DATE
> Task :react-native-svg:packageDebugAssets UP-TO-DATE
> Task :app:mergeDebugAssets UP-TO-DATE
> Task :app:compressDebugAssets UP-TO-DATE
> Task :react-native-drop-shadow:bundleLibRuntimeToJarDebug UP-TO-DATE
> Task :react-native-gesture-handler:bundleLibRuntimeToJarDebug UP-TO-DATE
> Task :react-native-safe-area-context:bundleLibRuntimeToJarDebug UP-TO-DATE
> Task :react-native-screens:bundleLibRuntimeToJarDebug UP-TO-DATE
> Task :react-native-linear-gradient:bundleLibRuntimeToJarDebug UP-TO-DATE
> Task :react-native-async-storage_async-storage:bundleLibRuntimeToJarDebug UP-TO-DATE
> Task :react-native-community_masked-view:bundleLibRuntimeToJarDebug UP-TO-DATE
> Task :react-native-firebase_auth:bundleLibRuntimeToJarDebug UP-TO-DATE
> Task :react-native-firebase_database:bundleLibRuntimeToJarDebug UP-TO-DATE
> Task :react-native-firebase_messaging:bundleLibRuntimeToJarDebug UP-TO-DATE
> Task :react-native-firebase_app:bundleLibRuntimeToJarDebug UP-TO-DATE
> Task :react-native-geolocation-service:bundleLibRuntimeToJarDebug UP-TO-DATE
> Task :react-native-image-crop-picker:bundleLibRuntimeToJarDebug UP-TO-DATE
> Task :react-native-radial-gradient:bundleLibRuntimeToJarDebug UP-TO-DATE
> Task :react-native-reanimated:bundleLibRuntimeToJarDebug UP-TO-DATE
> Task :react-native-svg:bundleLibRuntimeToJarDebug UP-TO-DATE
> Task :app:desugarDebugFileDependencies UP-TO-DATE
> Task :app:dexBuilderDebug UP-TO-DATE
> Task :app:mergeDebugGlobalSynthetics UP-TO-DATE
> Task :app:processDebugJavaRes UP-TO-DATE
> Task :react-native-async-storage_async-storage:processDebugJavaRes NO-SOURCE
> Task :react-native-community_masked-view:processDebugJavaRes NO-SOURCE
> Task :react-native-drop-shadow:processDebugJavaRes UP-TO-DATE
> Task :react-native-firebase_app:processDebugJavaRes NO-SOURCE
> Task :react-native-firebase_auth:processDebugJavaRes NO-SOURCE
> Task :react-native-firebase_database:processDebugJavaRes NO-SOURCE
> Task :react-native-firebase_messaging:processDebugJavaRes NO-SOURCE
> Task :react-native-geolocation-service:processDebugJavaRes NO-SOURCE
> Task :react-native-gesture-handler:processDebugJavaRes UP-TO-DATE
> Task :react-native-image-crop-picker:processDebugJavaRes NO-SOURCE
> Task :react-native-linear-gradient:processDebugJavaRes NO-SOURCE
> Task :react-native-radial-gradient:processDebugJavaRes NO-SOURCE
> Task :react-native-reanimated:processDebugJavaRes NO-SOURCE
> Task :react-native-safe-area-context:processDebugJavaRes UP-TO-DATE
> Task :react-native-screens:processDebugJavaRes UP-TO-DATE
> Task :react-native-svg:processDebugJavaRes NO-SOURCE
> Task :app:mergeDebugJavaResource UP-TO-DATE
> Task :app:checkDebugDuplicateClasses UP-TO-DATE
> Task :app:mergeExtDexDebug UP-TO-DATE
> Task :react-native-drop-shadow:bundleLibRuntimeToDirDebug UP-TO-DATE
> Task :react-native-gesture-handler:bundleLibRuntimeToDirDebug UP-TO-DATE
> Task :react-native-safe-area-context:bundleLibRuntimeToDirDebug UP-TO-DATE
> Task :react-native-screens:bundleLibRuntimeToDirDebug UP-TO-DATE
> Task :react-native-linear-gradient:bundleLibRuntimeToDirDebug UP-TO-DATE
> Task :react-native-async-storage_async-storage:bundleLibRuntimeToDirDebug UP-TO-DATE
> Task :react-native-community_masked-view:bundleLibRuntimeToDirDebug UP-TO-DATE
> Task :react-native-firebase_auth:bundleLibRuntimeToDirDebug UP-TO-DATE
> Task :react-native-firebase_database:bundleLibRuntimeToDirDebug UP-TO-DATE
> Task :react-native-firebase_messaging:bundleLibRuntimeToDirDebug UP-TO-DATE
> Task :react-native-firebase_app:bundleLibRuntimeToDirDebug UP-TO-DATE
> Task :react-native-geolocation-service:bundleLibRuntimeToDirDebug UP-TO-DATE
> Task :react-native-image-crop-picker:bundleLibRuntimeToDirDebug UP-TO-DATE
> Task :react-native-radial-gradient:bundleLibRuntimeToDirDebug UP-TO-DATE
> Task :react-native-reanimated:bundleLibRuntimeToDirDebug UP-TO-DATE
> Task :react-native-svg:bundleLibRuntimeToDirDebug UP-TO-DATE
> Task :app:mergeProjectDexDebug UP-TO-DATE
> Task :react-native-reanimated:configureCMakeDebug[arm64-v8a]
> Task :app:mergeLibDexDebug UP-TO-DATE
> Task :react-native-reanimated:configureCMakeDebug[armeabi-v7a]
> Task :react-native-reanimated:configureCMakeDebug[x86]
> Task :react-native-reanimated:configureCMakeDebug[x86_64]
> Task :react-native-reanimated:generateJsonModelDebug
> Task :react-native-reanimated:prefabDebugConfigurePackage UP-TO-DATE
> Task :app:configureCMakeDebug[arm64-v8a]
> Task :react-native-reanimated:buildCMakeDebug[arm64-v8a][reanimated,worklets]
> Task :react-native-reanimated:buildCMakeDebug[armeabi-v7a][reanimated,worklets]
> Task :react-native-reanimated:buildCMakeDebug[x86][reanimated,worklets]
> Task :react-native-reanimated:buildCMakeDebug[x86_64][reanimated,worklets]
> Task :react-native-reanimated:externalNativeBuildDebug
> Task :react-native-reanimated:prefabDebugPackage
> Task :app:buildCMakeDebug[arm64-v8a]
C/C++: ninja: Entering directory `/Users/pavan/Documents/klatchup/klatchup/android/app/.cxx/Debug/3i551o4n/arm64-v8a'
C/C++: /Users/pavan/Documents/klatchup/klatchup/node_modules/react-native-safe-area-context/android/build/generated/source/codegen/jni/react/renderer/components/safeareacontext/EventEmitters.cpp:16:69: warning: '$' in identifier [-Wdollar-in-identifier-extension]
C/C++:    16 | void RNCSafeAreaProviderEventEmitter::onInsetsChange(OnInsetsChange $event) const {
C/C++:       |                                                                     ^
C/C++: /Users/pavan/Documents/klatchup/klatchup/node_modules/react-native-safe-area-context/android/build/generated/source/codegen/jni/react/renderer/components/safeareacontext/EventEmitters.cpp:17:34: warning: '$' in identifier [-Wdollar-in-identifier-extension]
C/C++:    17 |   dispatchEvent("insetsChange", [$event=std::move($event)](jsi::Runtime &runtime) {
C/C++:       |                                  ^
C/C++: /Users/pavan/Documents/klatchup/klatchup/node_modules/react-native-safe-area-context/android/build/generated/source/codegen/jni/react/renderer/components/safeareacontext/EventEmitters.cpp:17:51: warning: '$' in identifier [-Wdollar-in-identifier-extension]
C/C++:    17 |   dispatchEvent("insetsChange", [$event=std::move($event)](jsi::Runtime &runtime) {
C/C++:       |                                                   ^
C/C++: /Users/pavan/Documents/klatchup/klatchup/node_modules/react-native-safe-area-context/android/build/generated/source/codegen/jni/react/renderer/components/safeareacontext/EventEmitters.cpp:18:10: warning: '$' in identifier [-Wdollar-in-identifier-extension]
C/C++:    18 |     auto $payload = jsi::Object(runtime);
C/C++:       |          ^
C/C++: /Users/pavan/Documents/klatchup/klatchup/node_modules/react-native-safe-area-context/android/build/generated/source/codegen/jni/react/renderer/components/safeareacontext/EventEmitters.cpp:21:38: warning: '$' in identifier [-Wdollar-in-identifier-extension]
C/C++:    21 |   insets.setProperty(runtime, "top", $event.insets.top);
C/C++:       |                                      ^
C/C++: /Users/pavan/Documents/klatchup/klatchup/node_modules/react-native-safe-area-context/android/build/generated/source/codegen/jni/react/renderer/components/safeareacontext/EventEmitters.cpp:22:40: warning: '$' in identifier [-Wdollar-in-identifier-extension]
C/C++:    22 |   insets.setProperty(runtime, "right", $event.insets.right);
C/C++:       |                                        ^
C/C++: /Users/pavan/Documents/klatchup/klatchup/node_modules/react-native-safe-area-context/android/build/generated/source/codegen/jni/react/renderer/components/safeareacontext/EventEmitters.cpp:23:41: warning: '$' in identifier [-Wdollar-in-identifier-extension]
C/C++:    23 |   insets.setProperty(runtime, "bottom", $event.insets.bottom);
C/C++:       |                                         ^
C/C++: /Users/pavan/Documents/klatchup/klatchup/node_modules/react-native-safe-area-context/android/build/generated/source/codegen/jni/react/renderer/components/safeareacontext/EventEmitters.cpp:24:39: warning: '$' in identifier [-Wdollar-in-identifier-extension]
C/C++:    24 |   insets.setProperty(runtime, "left", $event.insets.left);
C/C++:       |                                       ^
C/C++: /Users/pavan/Documents/klatchup/klatchup/node_modules/react-native-safe-area-context/android/build/generated/source/codegen/jni/react/renderer/components/safeareacontext/EventEmitters.cpp:25:3: warning: '$' in identifier [-Wdollar-in-identifier-extension]
C/C++:    25 |   $payload.setProperty(runtime, "insets", insets);
C/C++:       |   ^
C/C++: /Users/pavan/Documents/klatchup/klatchup/node_modules/react-native-safe-area-context/android/build/generated/source/codegen/jni/react/renderer/components/safeareacontext/EventEmitters.cpp:29:35: warning: '$' in identifier [-Wdollar-in-identifier-extension]
C/C++:    29 |   frame.setProperty(runtime, "x", $event.frame.x);
C/C++:       |                                   ^
C/C++: /Users/pavan/Documents/klatchup/klatchup/node_modules/react-native-safe-area-context/android/build/generated/source/codegen/jni/react/renderer/components/safeareacontext/EventEmitters.cpp:30:35: warning: '$' in identifier [-Wdollar-in-identifier-extension]
C/C++:    30 |   frame.setProperty(runtime, "y", $event.frame.y);
C/C++:       |                                   ^
C/C++: /Users/pavan/Documents/klatchup/klatchup/node_modules/react-native-safe-area-context/android/build/generated/source/codegen/jni/react/renderer/components/safeareacontext/EventEmitters.cpp:31:39: warning: '$' in identifier [-Wdollar-in-identifier-extension]
C/C++:    31 |   frame.setProperty(runtime, "width", $event.frame.width);
C/C++:       |                                       ^
C/C++: /Users/pavan/Documents/klatchup/klatchup/node_modules/react-native-safe-area-context/android/build/generated/source/codegen/jni/react/renderer/components/safeareacontext/EventEmitters.cpp:32:40: warning: '$' in identifier [-Wdollar-in-identifier-extension]
C/C++:    32 |   frame.setProperty(runtime, "height", $event.frame.height);
C/C++:       |                                        ^
C/C++: /Users/pavan/Documents/klatchup/klatchup/node_modules/react-native-safe-area-context/android/build/generated/source/codegen/jni/react/renderer/components/safeareacontext/EventEmitters.cpp:33:3: warning: '$' in identifier [-Wdollar-in-identifier-extension]
C/C++:    33 |   $payload.setProperty(runtime, "frame", frame);
C/C++:       |   ^
C/C++: /Users/pavan/Documents/klatchup/klatchup/node_modules/react-native-safe-area-context/android/build/generated/source/codegen/jni/react/renderer/components/safeareacontext/EventEmitters.cpp:35:12: warning: '$' in identifier [-Wdollar-in-identifier-extension]
C/C++:    35 |     return $payload;
C/C++:       |            ^
C/C++: 15 warnings generated.
C/C++: /Users/pavan/Documents/klatchup/klatchup/node_modules/react-native-screens/android/build/generated/source/codegen/jni/react/renderer/components/rnscreens/EventEmitters.cpp:17:52: warning: '$' in identifier [-Wdollar-in-identifier-extension]
C/C++:    17 | void RNSModalScreenEventEmitter::onAppear(OnAppear $event) const {
C/C++:       |                                                    ^
C/C++: /Users/pavan/Documents/klatchup/klatchup/node_modules/react-native-screens/android/build/generated/source/codegen/jni/react/renderer/components/rnscreens/EventEmitters.cpp:19:10: warning: '$' in identifier [-Wdollar-in-identifier-extension]
C/C++:    19 |     auto $payload = jsi::Object(runtime);
C/C++:       |          ^
C/C++: /Users/pavan/Documents/klatchup/klatchup/node_modules/react-native-screens/android/build/generated/source/codegen/jni/react/renderer/components/rnscreens/EventEmitters.cpp:21:12: warning: '$' in identifier [-Wdollar-in-identifier-extension]
C/C++:    21 |     return $payload;
C/C++:       |            ^
C/C++: /Users/pavan/Documents/klatchup/klatchup/node_modules/react-native-screens/android/build/generated/source/codegen/jni/react/renderer/components/rnscreens/EventEmitters.cpp:26:58: warning: '$' in identifier [-Wdollar-in-identifier-extension]
C/C++:    26 | void RNSModalScreenEventEmitter::onDisappear(OnDisappear $event) const {
C/C++:       |                                                          ^
C/C++: /Users/pavan/Documents/klatchup/klatchup/node_modules/react-native-screens/android/build/generated/source/codegen/jni/react/renderer/components/rnscreens/EventEmitters.cpp:28:10: warning: '$' in identifier [-Wdollar-in-identifier-extension]
C/C++:    28 |     auto $payload = jsi::Object(runtime);
C/C++:       |          ^
C/C++: /Users/pavan/Documents/klatchup/klatchup/node_modules/react-native-screens/android/build/generated/source/codegen/jni/react/renderer/components/rnscreens/EventEmitters.cpp:30:12: warning: '$' in identifier [-Wdollar-in-identifier-extension]
C/C++:    30 |     return $payload;
C/C++:       |            ^
C/C++: /Users/pavan/Documents/klatchup/klatchup/node_modules/react-native-screens/android/build/generated/source/codegen/jni/react/renderer/components/rnscreens/EventEmitters.cpp:35:58: warning: '$' in identifier [-Wdollar-in-identifier-extension]
C/C++:    35 | void RNSModalScreenEventEmitter::onDismissed(OnDismissed $event) const {
C/C++:       |                                                          ^
C/C++: /Users/pavan/Documents/klatchup/klatchup/node_modules/react-native-screens/android/build/generated/source/codegen/jni/react/renderer/components/rnscreens/EventEmitters.cpp:36:31: warning: '$' in identifier [-Wdollar-in-identifier-extension]
C/C++:    36 |   dispatchEvent("dismissed", [$event=std::move($event)](jsi::Runtime &runtime) {
C/C++:       |                               ^
C/C++: /Users/pavan/Documents/klatchup/klatchup/node_modules/react-native-screens/android/build/generated/source/codegen/jni/react/renderer/components/rnscreens/EventEmitters.cpp:36:48: warning: '$' in identifier [-Wdollar-in-identifier-extension]
C/C++:    36 |   dispatchEvent("dismissed", [$event=std::move($event)](jsi::Runtime &runtime) {
C/C++:       |                                                ^
C/C++: /Users/pavan/Documents/klatchup/klatchup/node_modules/react-native-screens/android/build/generated/source/codegen/jni/react/renderer/components/rnscreens/EventEmitters.cpp:37:10: warning: '$' in identifier [-Wdollar-in-identifier-extension]
C/C++:    37 |     auto $payload = jsi::Object(runtime);
C/C++:       |          ^
C/C++: /Users/pavan/Documents/klatchup/klatchup/node_modules/react-native-screens/android/build/generated/source/codegen/jni/react/renderer/components/rnscreens/EventEmitters.cpp:38:5: warning: '$' in identifier [-Wdollar-in-identifier-extension]
C/C++:    38 |     $payload.setProperty(runtime, "dismissCount", $event.dismissCount);
C/C++:       |     ^
C/C++: /Users/pavan/Documents/klatchup/klatchup/node_modules/react-native-screens/android/build/generated/source/codegen/jni/react/renderer/components/rnscreens/EventEmitters.cpp:38:51: warning: '$' in identifier [-Wdollar-in-identifier-extension]
C/C++:    38 |     $payload.setProperty(runtime, "dismissCount", $event.dismissCount);
C/C++:       |                                                   ^
C/C++: /Users/pavan/Documents/klatchup/klatchup/node_modules/react-native-screens/android/build/generated/source/codegen/jni/react/renderer/components/rnscreens/EventEmitters.cpp:39:12: warning: '$' in identifier [-Wdollar-in-identifier-extension]
C/C++:    39 |     return $payload;
C/C++:       |            ^
C/C++: /Users/pavan/Documents/klatchup/klatchup/node_modules/react-native-screens/android/build/generated/source/codegen/jni/react/renderer/components/rnscreens/EventEmitters.cpp:44:84: warning: '$' in identifier [-Wdollar-in-identifier-extension]
C/C++:    44 | void RNSModalScreenEventEmitter::onNativeDismissCancelled(OnNativeDismissCancelled $event) const {
C/C++:       |                                                                                    ^
C/C++: /Users/pavan/Documents/klatchup/klatchup/node_modules/react-native-screens/android/build/generated/source/codegen/jni/react/renderer/components/rnscreens/EventEmitters.cpp:45:44: warning: '$' in identifier [-Wdollar-in-identifier-extension]
C/C++:    45 |   dispatchEvent("nativeDismissCancelled", [$event=std::move($event)](jsi::Runtime &runtime) {
C/C++:       |                                            ^
C/C++: /Users/pavan/Documents/klatchup/klatchup/node_modules/react-native-screens/android/build/generated/source/codegen/jni/react/renderer/components/rnscreens/EventEmitters.cpp:45:61: warning: '$' in identifier [-Wdollar-in-identifier-extension]
C/C++:    45 |   dispatchEvent("nativeDismissCancelled", [$event=std::move($event)](jsi::Runtime &runtime) {
C/C++:       |                                                             ^
C/C++: /Users/pavan/Documents/klatchup/klatchup/node_modules/react-native-screens/android/build/generated/source/codegen/jni/react/renderer/components/rnscreens/EventEmitters.cpp:46:10: warning: '$' in identifier [-Wdollar-in-identifier-extension]
C/C++:    46 |     auto $payload = jsi::Object(runtime);
C/C++:       |          ^
C/C++: /Users/pavan/Documents/klatchup/klatchup/node_modules/react-native-screens/android/build/generated/source/codegen/jni/react/renderer/components/rnscreens/EventEmitters.cpp:47:5: warning: '$' in identifier [-Wdollar-in-identifier-extension]
C/C++:    47 |     $payload.setProperty(runtime, "dismissCount", $event.dismissCount);
C/C++:       |     ^
C/C++: /Users/pavan/Documents/klatchup/klatchup/node_modules/react-native-screens/android/build/generated/source/codegen/jni/react/renderer/components/rnscreens/EventEmitters.cpp:47:51: warning: '$' in identifier [-Wdollar-in-identifier-extension]
C/C++:    47 |     $payload.setProperty(runtime, "dismissCount", $event.dismissCount);
C/C++:       |                                                   ^
C/C++: /Users/pavan/Documents/klatchup/klatchup/node_modules/react-native-screens/android/build/generated/source/codegen/jni/react/renderer/components/rnscreens/EventEmitters.cpp:48:12: warning: '$' in identifier [-Wdollar-in-identifier-extension]
C/C++:    48 |     return $payload;
C/C++:       |            ^
C/C++: /Users/pavan/Documents/klatchup/klatchup/node_modules/react-native-screens/android/build/generated/source/codegen/jni/react/renderer/components/rnscreens/EventEmitters.cpp:53:60: warning: '$' in identifier [-Wdollar-in-identifier-extension]
C/C++:    53 | void RNSModalScreenEventEmitter::onWillAppear(OnWillAppear $event) const {
C/C++:       |                                                            ^
C/C++: /Users/pavan/Documents/klatchup/klatchup/node_modules/react-native-screens/android/build/generated/source/codegen/jni/react/renderer/components/rnscreens/EventEmitters.cpp:55:10: warning: '$' in identifier [-Wdollar-in-identifier-extension]
C/C++:    55 |     auto $payload = jsi::Object(runtime);
C/C++:       |          ^
C/C++: /Users/pavan/Documents/klatchup/klatchup/node_modules/react-native-screens/android/build/generated/source/codegen/jni/react/renderer/components/rnscreens/EventEmitters.cpp:57:12: warning: '$' in identifier [-Wdollar-in-identifier-extension]
C/C++:    57 |     return $payload;
C/C++:       |            ^
C/C++: /Users/pavan/Documents/klatchup/klatchup/node_modules/react-native-screens/android/build/generated/source/codegen/jni/react/renderer/components/rnscreens/EventEmitters.cpp:62:66: warning: '$' in identifier [-Wdollar-in-identifier-extension]
C/C++:    62 | void RNSModalScreenEventEmitter::onWillDisappear(OnWillDisappear $event) const {
C/C++:       |                                                                  ^
C/C++: /Users/pavan/Documents/klatchup/klatchup/node_modules/react-native-screens/android/build/generated/source/codegen/jni/react/renderer/components/rnscreens/EventEmitters.cpp:64:10: warning: '$' in identifier [-Wdollar-in-identifier-extension]
C/C++:    64 |     auto $payload = jsi::Object(runtime);
C/C++:       |          ^
C/C++: /Users/pavan/Documents/klatchup/klatchup/node_modules/react-native-screens/android/build/generated/source/codegen/jni/react/renderer/components/rnscreens/EventEmitters.cpp:66:12: warning: '$' in identifier [-Wdollar-in-identifier-extension]
C/C++:    66 |     return $payload;
C/C++:       |            ^
C/C++: /Users/pavan/Documents/klatchup/klatchup/node_modules/react-native-screens/android/build/generated/source/codegen/jni/react/renderer/components/rnscreens/EventEmitters.cpp:71:76: warning: '$' in identifier [-Wdollar-in-identifier-extension]
C/C++:    71 | void RNSModalScreenEventEmitter::onHeaderHeightChange(OnHeaderHeightChange $event) const {
C/C++:       |                                                                            ^
C/C++: /Users/pavan/Documents/klatchup/klatchup/node_modules/react-native-screens/android/build/generated/source/codegen/jni/react/renderer/components/rnscreens/EventEmitters.cpp:72:40: warning: '$' in identifier [-Wdollar-in-identifier-extension]
C/C++:    72 |   dispatchEvent("headerHeightChange", [$event=std::move($event)](jsi::Runtime &runtime) {
C/C++:       |                                        ^
C/C++: /Users/pavan/Documents/klatchup/klatchup/node_modules/react-native-screens/android/build/generated/source/codegen/jni/react/renderer/components/rnscreens/EventEmitters.cpp:72:57: warning: '$' in identifier [-Wdollar-in-identifier-extension]
C/C++:    72 |   dispatchEvent("headerHeightChange", [$event=std::move($event)](jsi::Runtime &runtime) {
C/C++:       |                                                         ^
C/C++: /Users/pavan/Documents/klatchup/klatchup/node_modules/react-native-screens/android/build/generated/source/codegen/jni/react/renderer/components/rnscreens/EventEmitters.cpp:73:10: warning: '$' in identifier [-Wdollar-in-identifier-extension]
C/C++:    73 |     auto $payload = jsi::Object(runtime);
C/C++:       |          ^
C/C++: /Users/pavan/Documents/klatchup/klatchup/node_modules/react-native-screens/android/build/generated/source/codegen/jni/react/renderer/components/rnscreens/EventEmitters.cpp:74:5: warning: '$' in identifier [-Wdollar-in-identifier-extension]
C/C++:    74 |     $payload.setProperty(runtime, "headerHeight", $event.headerHeight);
C/C++:       |     ^
C/C++: /Users/pavan/Documents/klatchup/klatchup/node_modules/react-native-screens/android/build/generated/source/codegen/jni/react/renderer/components/rnscreens/EventEmitters.cpp:74:51: warning: '$' in identifier [-Wdollar-in-identifier-extension]
C/C++:    74 |     $payload.setProperty(runtime, "headerHeight", $event.headerHeight);
C/C++:       |                                                   ^
C/C++: /Users/pavan/Documents/klatchup/klatchup/node_modules/react-native-screens/android/build/generated/source/codegen/jni/react/renderer/components/rnscreens/EventEmitters.cpp:75:12: warning: '$' in identifier [-Wdollar-in-identifier-extension]
C/C++:    75 |     return $payload;
C/C++:       |            ^
C/C++: /Users/pavan/Documents/klatchup/klatchup/node_modules/react-native-screens/android/build/generated/source/codegen/jni/react/renderer/components/rnscreens/EventEmitters.cpp:80:76: warning: '$' in identifier [-Wdollar-in-identifier-extension]
C/C++:    80 | void RNSModalScreenEventEmitter::onTransitionProgress(OnTransitionProgress $event) const {
C/C++:       |                                                                            ^
C/C++: /Users/pavan/Documents/klatchup/klatchup/node_modules/react-native-screens/android/build/generated/source/codegen/jni/react/renderer/components/rnscreens/EventEmitters.cpp:81:40: warning: '$' in identifier [-Wdollar-in-identifier-extension]
C/C++:    81 |   dispatchEvent("transitionProgress", [$event=std::move($event)](jsi::Runtime &runtime) {
C/C++:       |                                        ^
C/C++: /Users/pavan/Documents/klatchup/klatchup/node_modules/react-native-screens/android/build/generated/source/codegen/jni/react/renderer/components/rnscreens/EventEmitters.cpp:81:57: warning: '$' in identifier [-Wdollar-in-identifier-extension]
C/C++:    81 |   dispatchEvent("transitionProgress", [$event=std::move($event)](jsi::Runtime &runtime) {
C/C++:       |                                                         ^
C/C++: /Users/pavan/Documents/klatchup/klatchup/node_modules/react-native-screens/android/build/generated/source/codegen/jni/react/renderer/components/rnscreens/EventEmitters.cpp:82:10: warning: '$' in identifier [-Wdollar-in-identifier-extension]
C/C++:    82 |     auto $payload = jsi::Object(runtime);
C/C++:       |          ^
C/C++: /Users/pavan/Documents/klatchup/klatchup/node_modules/react-native-screens/android/build/generated/source/codegen/jni/react/renderer/components/rnscreens/EventEmitters.cpp:83:5: warning: '$' in identifier [-Wdollar-in-identifier-extension]
C/C++:    83 |     $payload.setProperty(runtime, "progress", $event.progress);
C/C++:       |     ^
C/C++: /Users/pavan/Documents/klatchup/klatchup/node_modules/react-native-screens/android/build/generated/source/codegen/jni/react/renderer/components/rnscreens/EventEmitters.cpp:83:47: warning: '$' in identifier [-Wdollar-in-identifier-extension]
C/C++:    83 |     $payload.setProperty(runtime, "progress", $event.progress);
C/C++:       |                                               ^
C/C++: /Users/pavan/Documents/klatchup/klatchup/node_modules/react-native-screens/android/build/generated/source/codegen/jni/react/renderer/components/rnscreens/EventEmitters.cpp:84:1: warning: '$' in identifier [-Wdollar-in-identifier-extension]
C/C++:    84 | $payload.setProperty(runtime, "closing", $event.closing);
C/C++:       | ^
C/C++: /Users/pavan/Documents/klatchup/klatchup/node_modules/react-native-screens/android/build/generated/source/codegen/jni/react/renderer/components/rnscreens/EventEmitters.cpp:84:42: warning: '$' in identifier [-Wdollar-in-identifier-extension]
C/C++:    84 | $payload.setProperty(runtime, "closing", $event.closing);
C/C++:       |                                          ^
C/C++: /Users/pavan/Documents/klatchup/klatchup/node_modules/react-native-screens/android/build/generated/source/codegen/jni/react/renderer/components/rnscreens/EventEmitters.cpp:85:1: warning: '$' in identifier [-Wdollar-in-identifier-extension]
C/C++:    85 | $payload.setProperty(runtime, "goingForward", $event.goingForward);
C/C++:       | ^
C/C++: /Users/pavan/Documents/klatchup/klatchup/node_modules/react-native-screens/android/build/generated/source/codegen/jni/react/renderer/components/rnscreens/EventEmitters.cpp:85:47: warning: '$' in identifier [-Wdollar-in-identifier-extension]
C/C++:    85 | $payload.setProperty(runtime, "goingForward", $event.goingForward);
C/C++:       |                                               ^
C/C++: /Users/pavan/Documents/klatchup/klatchup/node_modules/react-native-screens/android/build/generated/source/codegen/jni/react/renderer/components/rnscreens/EventEmitters.cpp:86:12: warning: '$' in identifier [-Wdollar-in-identifier-extension]
C/C++:    86 |     return $payload;
C/C++:       |            ^
C/C++: /Users/pavan/Documents/klatchup/klatchup/node_modules/react-native-screens/android/build/generated/source/codegen/jni/react/renderer/components/rnscreens/EventEmitters.cpp:91:66: warning: '$' in identifier [-Wdollar-in-identifier-extension]
C/C++:    91 | void RNSModalScreenEventEmitter::onGestureCancel(OnGestureCancel $event) const {
C/C++:       |                                                                  ^
C/C++: /Users/pavan/Documents/klatchup/klatchup/node_modules/react-native-screens/android/build/generated/source/codegen/jni/react/renderer/components/rnscreens/EventEmitters.cpp:93:10: warning: '$' in identifier [-Wdollar-in-identifier-extension]
C/C++:    93 |     auto $payload = jsi::Object(runtime);
C/C++:       |          ^
C/C++: /Users/pavan/Documents/klatchup/klatchup/node_modules/react-native-screens/android/build/generated/source/codegen/jni/react/renderer/components/rnscreens/EventEmitters.cpp:95:12: warning: '$' in identifier [-Wdollar-in-identifier-extension]
C/C++:    95 |     return $payload;
C/C++:       |            ^
C/C++: /Users/pavan/Documents/klatchup/klatchup/node_modules/react-native-screens/android/build/generated/source/codegen/jni/react/renderer/components/rnscreens/EventEmitters.cpp:100:86: warning: '$' in identifier [-Wdollar-in-identifier-extension]
C/C++:   100 | void RNSModalScreenEventEmitter::onHeaderBackButtonClicked(OnHeaderBackButtonClicked $event) const {
C/C++:       |                                                                                      ^
C/C++: /Users/pavan/Documents/klatchup/klatchup/node_modules/react-native-screens/android/build/generated/source/codegen/jni/react/renderer/components/rnscreens/EventEmitters.cpp:102:10: warning: '$' in identifier [-Wdollar-in-identifier-extension]
C/C++:   102 |     auto $payload = jsi::Object(runtime);
C/C++:       |          ^
C/C++: /Users/pavan/Documents/klatchup/klatchup/node_modules/react-native-screens/android/build/generated/source/codegen/jni/react/renderer/components/rnscreens/EventEmitters.cpp:104:12: warning: '$' in identifier [-Wdollar-in-identifier-extension]
C/C++:   104 |     return $payload;
C/C++:       |            ^
C/C++: /Users/pavan/Documents/klatchup/klatchup/node_modules/react-native-screens/android/build/generated/source/codegen/jni/react/renderer/components/rnscreens/EventEmitters.cpp:110:47: warning: '$' in identifier [-Wdollar-in-identifier-extension]
C/C++:   110 | void RNSScreenEventEmitter::onAppear(OnAppear $event) const {
C/C++:       |                                               ^
C/C++: /Users/pavan/Documents/klatchup/klatchup/node_modules/react-native-screens/android/build/generated/source/codegen/jni/react/renderer/components/rnscreens/EventEmitters.cpp:112:10: warning: '$' in identifier [-Wdollar-in-identifier-extension]
C/C++:   112 |     auto $payload = jsi::Object(runtime);
C/C++:       |          ^
C/C++: /Users/pavan/Documents/klatchup/klatchup/node_modules/react-native-screens/android/build/generated/source/codegen/jni/react/renderer/components/rnscreens/EventEmitters.cpp:114:12: warning: '$' in identifier [-Wdollar-in-identifier-extension]
C/C++:   114 |     return $payload;
C/C++:       |            ^
C/C++: /Users/pavan/Documents/klatchup/klatchup/node_modules/react-native-screens/android/build/generated/source/codegen/jni/react/renderer/components/rnscreens/EventEmitters.cpp:119:53: warning: '$' in identifier [-Wdollar-in-identifier-extension]
C/C++:   119 | void RNSScreenEventEmitter::onDisappear(OnDisappear $event) const {
C/C++:       |                                                     ^
C/C++: /Users/pavan/Documents/klatchup/klatchup/node_modules/react-native-screens/android/build/generated/source/codegen/jni/react/renderer/components/rnscreens/EventEmitters.cpp:121:10: warning: '$' in identifier [-Wdollar-in-identifier-extension]
C/C++:   121 |     auto $payload = jsi::Object(runtime);
C/C++:       |          ^
C/C++: /Users/pavan/Documents/klatchup/klatchup/node_modules/react-native-screens/android/build/generated/source/codegen/jni/react/renderer/components/rnscreens/EventEmitters.cpp:123:12: warning: '$' in identifier [-Wdollar-in-identifier-extension]
C/C++:   123 |     return $payload;
C/C++:       |            ^
C/C++: /Users/pavan/Documents/klatchup/klatchup/node_modules/react-native-screens/android/build/generated/source/codegen/jni/react/renderer/components/rnscreens/EventEmitters.cpp:128:53: warning: '$' in identifier [-Wdollar-in-identifier-extension]
C/C++:   128 | void RNSScreenEventEmitter::onDismissed(OnDismissed $event) const {
C/C++:       |                                                     ^
C/C++: /Users/pavan/Documents/klatchup/klatchup/node_modules/react-native-screens/android/build/generated/source/codegen/jni/react/renderer/components/rnscreens/EventEmitters.cpp:129:31: warning: '$' in identifier [-Wdollar-in-identifier-extension]
C/C++:   129 |   dispatchEvent("dismissed", [$event=std::move($event)](jsi::Runtime &runtime) {
C/C++:       |                               ^
C/C++: /Users/pavan/Documents/klatchup/klatchup/node_modules/react-native-screens/android/build/generated/source/codegen/jni/react/renderer/components/rnscreens/EventEmitters.cpp:129:48: warning: '$' in identifier [-Wdollar-in-identifier-extension]
C/C++:   129 |   dispatchEvent("dismissed", [$event=std::move($event)](jsi::Runtime &runtime) {
C/C++:       |                                                ^
C/C++: /Users/pavan/Documents/klatchup/klatchup/node_modules/react-native-screens/android/build/generated/source/codegen/jni/react/renderer/components/rnscreens/EventEmitters.cpp:130:10: warning: '$' in identifier [-Wdollar-in-identifier-extension]
C/C++:   130 |     auto $payload = jsi::Object(runtime);
C/C++:       |          ^
C/C++: /Users/pavan/Documents/klatchup/klatchup/node_modules/react-native-screens/android/build/generated/source/codegen/jni/react/renderer/components/rnscreens/EventEmitters.cpp:131:5: warning: '$' in identifier [-Wdollar-in-identifier-extension]
C/C++:   131 |     $payload.setProperty(runtime, "dismissCount", $event.dismissCount);
C/C++:       |     ^
C/C++: /Users/pavan/Documents/klatchup/klatchup/node_modules/react-native-screens/android/build/generated/source/codegen/jni/react/renderer/components/rnscreens/EventEmitters.cpp:131:51: warning: '$' in identifier [-Wdollar-in-identifier-extension]
C/C++:   131 |     $payload.setProperty(runtime, "dismissCount", $event.dismissCount);
C/C++:       |                                                   ^
C/C++: /Users/pavan/Documents/klatchup/klatchup/node_modules/react-native-screens/android/build/generated/source/codegen/jni/react/renderer/components/rnscreens/EventEmitters.cpp:132:12: warning: '$' in identifier [-Wdollar-in-identifier-extension]
C/C++:   132 |     return $payload;
C/C++:       |            ^
C/C++: /Users/pavan/Documents/klatchup/klatchup/node_modules/react-native-screens/android/build/generated/source/codegen/jni/react/renderer/components/rnscreens/EventEmitters.cpp:137:79: warning: '$' in identifier [-Wdollar-in-identifier-extension]
C/C++:   137 | void RNSScreenEventEmitter::onNativeDismissCancelled(OnNativeDismissCancelled $event) const {
C/C++:       |                                                                               ^
C/C++: /Users/pavan/Documents/klatchup/klatchup/node_modules/react-native-screens/android/build/generated/source/codegen/jni/react/renderer/components/rnscreens/EventEmitters.cpp:138:44: warning: '$' in identifier [-Wdollar-in-identifier-extension]
C/C++:   138 |   dispatchEvent("nativeDismissCancelled", [$event=std::move($event)](jsi::Runtime &runtime) {
C/C++:       |                                            ^
C/C++: /Users/pavan/Documents/klatchup/klatchup/node_modules/react-native-screens/android/build/generated/source/codegen/jni/react/renderer/components/rnscreens/EventEmitters.cpp:138:61: warning: '$' in identifier [-Wdollar-in-identifier-extension]
C/C++:   138 |   dispatchEvent("nativeDismissCancelled", [$event=std::move($event)](jsi::Runtime &runtime) {
C/C++:       |                                                             ^
C/C++: /Users/pavan/Documents/klatchup/klatchup/node_modules/react-native-screens/android/build/generated/source/codegen/jni/react/renderer/components/rnscreens/EventEmitters.cpp:139:10: warning: '$' in identifier [-Wdollar-in-identifier-extension]
C/C++:   139 |     auto $payload = jsi::Object(runtime);
C/C++:       |          ^
C/C++: /Users/pavan/Documents/klatchup/klatchup/node_modules/react-native-screens/android/build/generated/source/codegen/jni/react/renderer/components/rnscreens/EventEmitters.cpp:140:5: warning: '$' in identifier [-Wdollar-in-identifier-extension]
C/C++:   140 |     $payload.setProperty(runtime, "dismissCount", $event.dismissCount);
C/C++:       |     ^
C/C++: /Users/pavan/Documents/klatchup/klatchup/node_modules/react-native-screens/android/build/generated/source/codegen/jni/react/renderer/components/rnscreens/EventEmitters.cpp:140:51: warning: '$' in identifier [-Wdollar-in-identifier-extension]
C/C++:   140 |     $payload.setProperty(runtime, "dismissCount", $event.dismissCount);
C/C++:       |                                                   ^
C/C++: /Users/pavan/Documents/klatchup/klatchup/node_modules/react-native-screens/android/build/generated/source/codegen/jni/react/renderer/components/rnscreens/EventEmitters.cpp:141:12: warning: '$' in identifier [-Wdollar-in-identifier-extension]
C/C++:   141 |     return $payload;
C/C++:       |            ^
C/C++: /Users/pavan/Documents/klatchup/klatchup/node_modules/react-native-screens/android/build/generated/source/codegen/jni/react/renderer/components/rnscreens/EventEmitters.cpp:146:55: warning: '$' in identifier [-Wdollar-in-identifier-extension]
C/C++:   146 | void RNSScreenEventEmitter::onWillAppear(OnWillAppear $event) const {
C/C++:       |                                                       ^
C/C++: /Users/pavan/Documents/klatchup/klatchup/node_modules/react-native-screens/android/build/generated/source/codegen/jni/react/renderer/components/rnscreens/EventEmitters.cpp:148:10: warning: '$' in identifier [-Wdollar-in-identifier-extension]
C/C++:   148 |     auto $payload = jsi::Object(runtime);
C/C++:       |          ^
C/C++: /Users/pavan/Documents/klatchup/klatchup/node_modules/react-native-screens/android/build/generated/source/codegen/jni/react/renderer/components/rnscreens/EventEmitters.cpp:150:12: warning: '$' in identifier [-Wdollar-in-identifier-extension]
C/C++:   150 |     return $payload;
C/C++:       |            ^
C/C++: /Users/pavan/Documents/klatchup/klatchup/node_modules/react-native-screens/android/build/generated/source/codegen/jni/react/renderer/components/rnscreens/EventEmitters.cpp:155:61: warning: '$' in identifier [-Wdollar-in-identifier-extension]
C/C++:   155 | void RNSScreenEventEmitter::onWillDisappear(OnWillDisappear $event) const {
C/C++:       |                                                             ^
C/C++: /Users/pavan/Documents/klatchup/klatchup/node_modules/react-native-screens/android/build/generated/source/codegen/jni/react/renderer/components/rnscreens/EventEmitters.cpp:157:10: warning: '$' in identifier [-Wdollar-in-identifier-extension]
C/C++:   157 |     auto $payload = jsi::Object(runtime);
C/C++:       |          ^
C/C++: /Users/pavan/Documents/klatchup/klatchup/node_modules/react-native-screens/android/build/generated/source/codegen/jni/react/renderer/components/rnscreens/EventEmitters.cpp:159:12: warning: '$' in identifier [-Wdollar-in-identifier-extension]
C/C++:   159 |     return $payload;
C/C++:       |            ^
C/C++: /Users/pavan/Documents/klatchup/klatchup/node_modules/react-native-screens/android/build/generated/source/codegen/jni/react/renderer/components/rnscreens/EventEmitters.cpp:164:71: warning: '$' in identifier [-Wdollar-in-identifier-extension]
C/C++:   164 | void RNSScreenEventEmitter::onHeaderHeightChange(OnHeaderHeightChange $event) const {
C/C++:       |                                                                       ^
C/C++: /Users/pavan/Documents/klatchup/klatchup/node_modules/react-native-screens/android/build/generated/source/codegen/jni/react/renderer/components/rnscreens/EventEmitters.cpp:165:40: warning: '$' in identifier [-Wdollar-in-identifier-extension]
C/C++:   165 |   dispatchEvent("headerHeightChange", [$event=std::move($event)](jsi::Runtime &runtime) {
C/C++:       |                                        ^
C/C++: /Users/pavan/Documents/klatchup/klatchup/node_modules/react-native-screens/android/build/generated/source/codegen/jni/react/renderer/components/rnscreens/EventEmitters.cpp:165:57: warning: '$' in identifier [-Wdollar-in-identifier-extension]
C/C++:   165 |   dispatchEvent("headerHeightChange", [$event=std::move($event)](jsi::Runtime &runtime) {
C/C++:       |                                                         ^
C/C++: /Users/pavan/Documents/klatchup/klatchup/node_modules/react-native-screens/android/build/generated/source/codegen/jni/react/renderer/components/rnscreens/EventEmitters.cpp:166:10: warning: '$' in identifier [-Wdollar-in-identifier-extension]
C/C++:   166 |     auto $payload = jsi::Object(runtime);
C/C++:       |          ^
C/C++: /Users/pavan/Documents/klatchup/klatchup/node_modules/react-native-screens/android/build/generated/source/codegen/jni/react/renderer/components/rnscreens/EventEmitters.cpp:167:5: warning: '$' in identifier [-Wdollar-in-identifier-extension]
C/C++:   167 |     $payload.setProperty(runtime, "headerHeight", $event.headerHeight);
C/C++:       |     ^
C/C++: /Users/pavan/Documents/klatchup/klatchup/node_modules/react-native-screens/android/build/generated/source/codegen/jni/react/renderer/components/rnscreens/EventEmitters.cpp:167:51: warning: '$' in identifier [-Wdollar-in-identifier-extension]
C/C++:   167 |     $payload.setProperty(runtime, "headerHeight", $event.headerHeight);
C/C++:       |                                                   ^
C/C++: /Users/pavan/Documents/klatchup/klatchup/node_modules/react-native-screens/android/build/generated/source/codegen/jni/react/renderer/components/rnscreens/EventEmitters.cpp:168:12: warning: '$' in identifier [-Wdollar-in-identifier-extension]
C/C++:   168 |     return $payload;
C/C++:       |            ^
C/C++: /Users/pavan/Documents/klatchup/klatchup/node_modules/react-native-screens/android/build/generated/source/codegen/jni/react/renderer/components/rnscreens/EventEmitters.cpp:173:71: warning: '$' in identifier [-Wdollar-in-identifier-extension]
C/C++:   173 | void RNSScreenEventEmitter::onTransitionProgress(OnTransitionProgress $event) const {
C/C++:       |                                                                       ^
C/C++: /Users/pavan/Documents/klatchup/klatchup/node_modules/react-native-screens/android/build/generated/source/codegen/jni/react/renderer/components/rnscreens/EventEmitters.cpp:174:40: warning: '$' in identifier [-Wdollar-in-identifier-extension]
C/C++:   174 |   dispatchEvent("transitionProgress", [$event=std::move($event)](jsi::Runtime &runtime) {
C/C++:       |                                        ^
C/C++: /Users/pavan/Documents/klatchup/klatchup/node_modules/react-native-screens/android/build/generated/source/codegen/jni/react/renderer/components/rnscreens/EventEmitters.cpp:174:57: warning: '$' in identifier [-Wdollar-in-identifier-extension]
C/C++:   174 |   dispatchEvent("transitionProgress", [$event=std::move($event)](jsi::Runtime &runtime) {
C/C++:       |                                                         ^
C/C++: /Users/pavan/Documents/klatchup/klatchup/node_modules/react-native-screens/android/build/generated/source/codegen/jni/react/renderer/components/rnscreens/EventEmitters.cpp:175:10: warning: '$' in identifier [-Wdollar-in-identifier-extension]
C/C++:   175 |     auto $payload = jsi::Object(runtime);
C/C++:       |          ^
C/C++: /Users/pavan/Documents/klatchup/klatchup/node_modules/react-native-screens/android/build/generated/source/codegen/jni/react/renderer/components/rnscreens/EventEmitters.cpp:176:5: warning: '$' in identifier [-Wdollar-in-identifier-extension]
C/C++:   176 |     $payload.setProperty(runtime, "progress", $event.progress);
C/C++:       |     ^
C/C++: /Users/pavan/Documents/klatchup/klatchup/node_modules/react-native-screens/android/build/generated/source/codegen/jni/react/renderer/components/rnscreens/EventEmitters.cpp:176:47: warning: '$' in identifier [-Wdollar-in-identifier-extension]
C/C++:   176 |     $payload.setProperty(runtime, "progress", $event.progress);
C/C++:       |                                               ^
C/C++: /Users/pavan/Documents/klatchup/klatchup/node_modules/react-native-screens/android/build/generated/source/codegen/jni/react/renderer/components/rnscreens/EventEmitters.cpp:177:1: warning: '$' in identifier [-Wdollar-in-identifier-extension]
C/C++:   177 | $payload.setProperty(runtime, "closing", $event.closing);
C/C++:       | ^
C/C++: /Users/pavan/Documents/klatchup/klatchup/node_modules/react-native-screens/android/build/generated/source/codegen/jni/react/renderer/components/rnscreens/EventEmitters.cpp:177:42: warning: '$' in identifier [-Wdollar-in-identifier-extension]
C/C++:   177 | $payload.setProperty(runtime, "closing", $event.closing);
C/C++:       |                                          ^
C/C++: /Users/pavan/Documents/klatchup/klatchup/node_modules/react-native-screens/android/build/generated/source/codegen/jni/react/renderer/components/rnscreens/EventEmitters.cpp:178:1: warning: '$' in identifier [-Wdollar-in-identifier-extension]
C/C++:   178 | $payload.setProperty(runtime, "goingForward", $event.goingForward);
C/C++:       | ^
C/C++: /Users/pavan/Documents/klatchup/klatchup/node_modules/react-native-screens/android/build/generated/source/codegen/jni/react/renderer/components/rnscreens/EventEmitters.cpp:178:47: warning: '$' in identifier [-Wdollar-in-identifier-extension]
C/C++:   178 | $payload.setProperty(runtime, "goingForward", $event.goingForward);
C/C++:       |                                               ^
C/C++: /Users/pavan/Documents/klatchup/klatchup/node_modules/react-native-screens/android/build/generated/source/codegen/jni/react/renderer/components/rnscreens/EventEmitters.cpp:179:12: warning: '$' in identifier [-Wdollar-in-identifier-extension]
C/C++:   179 |     return $payload;
C/C++:       |            ^
C/C++: /Users/pavan/Documents/klatchup/klatchup/node_modules/react-native-screens/android/build/generated/source/codegen/jni/react/renderer/components/rnscreens/EventEmitters.cpp:184:61: warning: '$' in identifier [-Wdollar-in-identifier-extension]
C/C++:   184 | void RNSScreenEventEmitter::onGestureCancel(OnGestureCancel $event) const {
C/C++:       |                                                             ^
C/C++: /Users/pavan/Documents/klatchup/klatchup/node_modules/react-native-screens/android/build/generated/source/codegen/jni/react/renderer/components/rnscreens/EventEmitters.cpp:186:10: warning: '$' in identifier [-Wdollar-in-identifier-extension]
C/C++:   186 |     auto $payload = jsi::Object(runtime);
C/C++:       |          ^
C/C++: /Users/pavan/Documents/klatchup/klatchup/node_modules/react-native-screens/android/build/generated/source/codegen/jni/react/renderer/components/rnscreens/EventEmitters.cpp:188:12: warning: '$' in identifier [-Wdollar-in-identifier-extension]
C/C++:   188 |     return $payload;
C/C++:       |            ^
C/C++: /Users/pavan/Documents/klatchup/klatchup/node_modules/react-native-screens/android/build/generated/source/codegen/jni/react/renderer/components/rnscreens/EventEmitters.cpp:193:81: warning: '$' in identifier [-Wdollar-in-identifier-extension]
C/C++:   193 | void RNSScreenEventEmitter::onHeaderBackButtonClicked(OnHeaderBackButtonClicked $event) const {
C/C++:       |                                                                                 ^
C/C++: /Users/pavan/Documents/klatchup/klatchup/node_modules/react-native-screens/android/build/generated/source/codegen/jni/react/renderer/components/rnscreens/EventEmitters.cpp:195:10: warning: '$' in identifier [-Wdollar-in-identifier-extension]
C/C++:   195 |     auto $payload = jsi::Object(runtime);
C/C++:       |          ^
C/C++: /Users/pavan/Documents/klatchup/klatchup/node_modules/react-native-screens/android/build/generated/source/codegen/jni/react/renderer/components/rnscreens/EventEmitters.cpp:197:12: warning: '$' in identifier [-Wdollar-in-identifier-extension]
C/C++:   197 |     return $payload;
C/C++:       |            ^
C/C++: /Users/pavan/Documents/klatchup/klatchup/node_modules/react-native-screens/android/build/generated/source/codegen/jni/react/renderer/components/rnscreens/EventEmitters.cpp:203:68: warning: '$' in identifier [-Wdollar-in-identifier-extension]
C/C++:   203 | void RNSScreenStackHeaderConfigEventEmitter::onAttached(OnAttached $event) const {
C/C++:       |                                                                    ^
C/C++: /Users/pavan/Documents/klatchup/klatchup/node_modules/react-native-screens/android/build/generated/source/codegen/jni/react/renderer/components/rnscreens/EventEmitters.cpp:205:10: warning: '$' in identifier [-Wdollar-in-identifier-extension]
C/C++:   205 |     auto $payload = jsi::Object(runtime);
C/C++:       |          ^
C/C++: /Users/pavan/Documents/klatchup/klatchup/node_modules/react-native-screens/android/build/generated/source/codegen/jni/react/renderer/components/rnscreens/EventEmitters.cpp:207:12: warning: '$' in identifier [-Wdollar-in-identifier-extension]
C/C++:   207 |     return $payload;
C/C++:       |            ^
C/C++: /Users/pavan/Documents/klatchup/klatchup/node_modules/react-native-screens/android/build/generated/source/codegen/jni/react/renderer/components/rnscreens/EventEmitters.cpp:212:68: warning: '$' in identifier [-Wdollar-in-identifier-extension]
C/C++:   212 | void RNSScreenStackHeaderConfigEventEmitter::onDetached(OnDetached $event) const {
C/C++:       |                                                                    ^
C/C++: /Users/pavan/Documents/klatchup/klatchup/node_modules/react-native-screens/android/build/generated/source/codegen/jni/react/renderer/components/rnscreens/EventEmitters.cpp:214:10: warning: '$' in identifier [-Wdollar-in-identifier-extension]
C/C++:   214 |     auto $payload = jsi::Object(runtime);
C/C++:       |          ^
C/C++: /Users/pavan/Documents/klatchup/klatchup/node_modules/react-native-screens/android/build/generated/source/codegen/jni/react/renderer/components/rnscreens/EventEmitters.cpp:216:12: warning: '$' in identifier [-Wdollar-in-identifier-extension]
C/C++:   216 |     return $payload;
C/C++:       |            ^
C/C++: /Users/pavan/Documents/klatchup/klatchup/node_modules/react-native-screens/android/build/generated/source/codegen/jni/react/renderer/components/rnscreens/EventEmitters.cpp:222:78: warning: '$' in identifier [-Wdollar-in-identifier-extension]
C/C++:   222 | void RNSScreenStackEventEmitter::onFinishTransitioning(OnFinishTransitioning $event) const {
C/C++:       |                                                                              ^
C/C++: /Users/pavan/Documents/klatchup/klatchup/node_modules/react-native-screens/android/build/generated/source/codegen/jni/react/renderer/components/rnscreens/EventEmitters.cpp:224:10: warning: '$' in identifier [-Wdollar-in-identifier-extension]
C/C++:   224 |     auto $payload = jsi::Object(runtime);
C/C++:       |          ^
C/C++: /Users/pavan/Documents/klatchup/klatchup/node_modules/react-native-screens/android/build/generated/source/codegen/jni/react/renderer/components/rnscreens/EventEmitters.cpp:226:12: warning: '$' in identifier [-Wdollar-in-identifier-extension]
C/C++:   226 |     return $payload;
C/C++:       |            ^
C/C++: /Users/pavan/Documents/klatchup/klatchup/node_modules/react-native-screens/android/build/generated/source/codegen/jni/react/renderer/components/rnscreens/EventEmitters.cpp:231:60: warning: '$' in identifier [-Wdollar-in-identifier-extension]
C/C++:   231 | void RNSSearchBarEventEmitter::onSearchFocus(OnSearchFocus $event) const {
C/C++:       |                                                            ^
C/C++: /Users/pavan/Documents/klatchup/klatchup/node_modules/react-native-screens/android/build/generated/source/codegen/jni/react/renderer/components/rnscreens/EventEmitters.cpp:233:10: warning: '$' in identifier [-Wdollar-in-identifier-extension]
C/C++:   233 |     auto $payload = jsi::Object(runtime);
C/C++:       |          ^
C/C++: /Users/pavan/Documents/klatchup/klatchup/node_modules/react-native-screens/android/build/generated/source/codegen/jni/react/renderer/components/rnscreens/EventEmitters.cpp:235:12: warning: '$' in identifier [-Wdollar-in-identifier-extension]
C/C++:   235 |     return $payload;
C/C++:       |            ^
C/C++: /Users/pavan/Documents/klatchup/klatchup/node_modules/react-native-screens/android/build/generated/source/codegen/jni/react/renderer/components/rnscreens/EventEmitters.cpp:240:58: warning: '$' in identifier [-Wdollar-in-identifier-extension]
C/C++:   240 | void RNSSearchBarEventEmitter::onSearchBlur(OnSearchBlur $event) const {
C/C++:       |                                                          ^
C/C++: /Users/pavan/Documents/klatchup/klatchup/node_modules/react-native-screens/android/build/generated/source/codegen/jni/react/renderer/components/rnscreens/EventEmitters.cpp:242:10: warning: '$' in identifier [-Wdollar-in-identifier-extension]
C/C++:   242 |     auto $payload = jsi::Object(runtime);
C/C++:       |          ^
C/C++: /Users/pavan/Documents/klatchup/klatchup/node_modules/react-native-screens/android/build/generated/source/codegen/jni/react/renderer/components/rnscreens/EventEmitters.cpp:244:12: warning: '$' in identifier [-Wdollar-in-identifier-extension]
C/C++:   244 |     return $payload;
C/C++:       |            ^
C/C++: /Users/pavan/Documents/klatchup/klatchup/node_modules/react-native-screens/android/build/generated/source/codegen/jni/react/renderer/components/rnscreens/EventEmitters.cpp:249:72: warning: '$' in identifier [-Wdollar-in-identifier-extension]
C/C++:   249 | void RNSSearchBarEventEmitter::onSearchButtonPress(OnSearchButtonPress $event) const {
C/C++:       |                                                                        ^
C/C++: /Users/pavan/Documents/klatchup/klatchup/node_modules/react-native-screens/android/build/generated/source/codegen/jni/react/renderer/components/rnscreens/EventEmitters.cpp:250:39: warning: '$' in identifier [-Wdollar-in-identifier-extension]
C/C++:   250 |   dispatchEvent("searchButtonPress", [$event=std::move($event)](jsi::Runtime &runtime) {
C/C++:       |                                       ^
C/C++: /Users/pavan/Documents/klatchup/klatchup/node_modules/react-native-screens/android/build/generated/source/codegen/jni/react/renderer/components/rnscreens/EventEmitters.cpp:250:56: warning: '$' in identifier [-Wdollar-in-identifier-extension]
C/C++:   250 |   dispatchEvent("searchButtonPress", [$event=std::move($event)](jsi::Runtime &runtime) {
C/C++:       |                                                        ^
C/C++: /Users/pavan/Documents/klatchup/klatchup/node_modules/react-native-screens/android/build/generated/source/codegen/jni/react/renderer/components/rnscreens/EventEmitters.cpp:251:10: warning: '$' in identifier [-Wdollar-in-identifier-extension]
C/C++:   251 |     auto $payload = jsi::Object(runtime);
C/C++:       |          ^
C/C++: /Users/pavan/Documents/klatchup/klatchup/node_modules/react-native-screens/android/build/generated/source/codegen/jni/react/renderer/components/rnscreens/EventEmitters.cpp:252:5: warning: '$' in identifier [-Wdollar-in-identifier-extension]
C/C++:   252 |     $payload.setProperty(runtime, "text", $event.text);
C/C++:       |     ^
C/C++: /Users/pavan/Documents/klatchup/klatchup/node_modules/react-native-screens/android/build/generated/source/codegen/jni/react/renderer/components/rnscreens/EventEmitters.cpp:252:43: warning: '$' in identifier [-Wdollar-in-identifier-extension]
C/C++:   252 |     $payload.setProperty(runtime, "text", $event.text);
C/C++:       |                                           ^
C/C++: /Users/pavan/Documents/klatchup/klatchup/node_modules/react-native-screens/android/build/generated/source/codegen/jni/react/renderer/components/rnscreens/EventEmitters.cpp:253:12: warning: '$' in identifier [-Wdollar-in-identifier-extension]
C/C++:   253 |     return $payload;
C/C++:       |            ^
C/C++: /Users/pavan/Documents/klatchup/klatchup/node_modules/react-native-screens/android/build/generated/source/codegen/jni/react/renderer/components/rnscreens/EventEmitters.cpp:258:72: warning: '$' in identifier [-Wdollar-in-identifier-extension]
C/C++:   258 | void RNSSearchBarEventEmitter::onCancelButtonPress(OnCancelButtonPress $event) const {
C/C++:       |                                                                        ^
C/C++: /Users/pavan/Documents/klatchup/klatchup/node_modules/react-native-screens/android/build/generated/source/codegen/jni/react/renderer/components/rnscreens/EventEmitters.cpp:260:10: warning: '$' in identifier [-Wdollar-in-identifier-extension]
C/C++:   260 |     auto $payload = jsi::Object(runtime);
C/C++:       |          ^
C/C++: /Users/pavan/Documents/klatchup/klatchup/node_modules/react-native-screens/android/build/generated/source/codegen/jni/react/renderer/components/rnscreens/EventEmitters.cpp:262:12: warning: '$' in identifier [-Wdollar-in-identifier-extension]
C/C++:   262 |     return $payload;
C/C++:       |            ^
C/C++: /Users/pavan/Documents/klatchup/klatchup/node_modules/react-native-screens/android/build/generated/source/codegen/jni/react/renderer/components/rnscreens/EventEmitters.cpp:267:58: warning: '$' in identifier [-Wdollar-in-identifier-extension]
C/C++:   267 | void RNSSearchBarEventEmitter::onChangeText(OnChangeText $event) const {
C/C++:       |                                                          ^
C/C++: /Users/pavan/Documents/klatchup/klatchup/node_modules/react-native-screens/android/build/generated/source/codegen/jni/react/renderer/components/rnscreens/EventEmitters.cpp:268:32: warning: '$' in identifier [-Wdollar-in-identifier-extension]
C/C++:   268 |   dispatchEvent("changeText", [$event=std::move($event)](jsi::Runtime &runtime) {
C/C++:       |                                ^
C/C++: /Users/pavan/Documents/klatchup/klatchup/node_modules/react-native-screens/android/build/generated/source/codegen/jni/react/renderer/components/rnscreens/EventEmitters.cpp:268:49: warning: '$' in identifier [-Wdollar-in-identifier-extension]
C/C++:   268 |   dispatchEvent("changeText", [$event=std::move($event)](jsi::Runtime &runtime) {
C/C++:       |                                                 ^
C/C++: /Users/pavan/Documents/klatchup/klatchup/node_modules/react-native-screens/android/build/generated/source/codegen/jni/react/renderer/components/rnscreens/EventEmitters.cpp:269:10: warning: '$' in identifier [-Wdollar-in-identifier-extension]
C/C++:   269 |     auto $payload = jsi::Object(runtime);
C/C++:       |          ^
C/C++: /Users/pavan/Documents/klatchup/klatchup/node_modules/react-native-screens/android/build/generated/source/codegen/jni/react/renderer/components/rnscreens/EventEmitters.cpp:270:5: warning: '$' in identifier [-Wdollar-in-identifier-extension]
C/C++:   270 |     $payload.setProperty(runtime, "text", $event.text);
C/C++:       |     ^
C/C++: /Users/pavan/Documents/klatchup/klatchup/node_modules/react-native-screens/android/build/generated/source/codegen/jni/react/renderer/components/rnscreens/EventEmitters.cpp:270:43: warning: '$' in identifier [-Wdollar-in-identifier-extension]
C/C++:   270 |     $payload.setProperty(runtime, "text", $event.text);
C/C++:       |                                           ^
C/C++: /Users/pavan/Documents/klatchup/klatchup/node_modules/react-native-screens/android/build/generated/source/codegen/jni/react/renderer/components/rnscreens/EventEmitters.cpp:271:12: warning: '$' in identifier [-Wdollar-in-identifier-extension]
C/C++:   271 |     return $payload;
C/C++:       |            ^
C/C++: /Users/pavan/Documents/klatchup/klatchup/node_modules/react-native-screens/android/build/generated/source/codegen/jni/react/renderer/components/rnscreens/EventEmitters.cpp:276:48: warning: '$' in identifier [-Wdollar-in-identifier-extension]
C/C++:   276 | void RNSSearchBarEventEmitter::onClose(OnClose $event) const {
C/C++:       |                                                ^
C/C++: /Users/pavan/Documents/klatchup/klatchup/node_modules/react-native-screens/android/build/generated/source/codegen/jni/react/renderer/components/rnscreens/EventEmitters.cpp:278:10: warning: '$' in identifier [-Wdollar-in-identifier-extension]
C/C++:   278 |     auto $payload = jsi::Object(runtime);
C/C++:       |          ^
C/C++: /Users/pavan/Documents/klatchup/klatchup/node_modules/react-native-screens/android/build/generated/source/codegen/jni/react/renderer/components/rnscreens/EventEmitters.cpp:280:12: warning: '$' in identifier [-Wdollar-in-identifier-extension]
C/C++:   280 |     return $payload;
C/C++:       |            ^
C/C++: /Users/pavan/Documents/klatchup/klatchup/node_modules/react-native-screens/android/build/generated/source/codegen/jni/react/renderer/components/rnscreens/EventEmitters.cpp:285:46: warning: '$' in identifier [-Wdollar-in-identifier-extension]
C/C++:   285 | void RNSSearchBarEventEmitter::onOpen(OnOpen $event) const {
C/C++:       |                                              ^
C/C++: /Users/pavan/Documents/klatchup/klatchup/node_modules/react-native-screens/android/build/generated/source/codegen/jni/react/renderer/components/rnscreens/EventEmitters.cpp:287:10: warning: '$' in identifier [-Wdollar-in-identifier-extension]
C/C++:   287 |     auto $payload = jsi::Object(runtime);
C/C++:       |          ^
C/C++: /Users/pavan/Documents/klatchup/klatchup/node_modules/react-native-screens/android/build/generated/source/codegen/jni/react/renderer/components/rnscreens/EventEmitters.cpp:289:12: warning: '$' in identifier [-Wdollar-in-identifier-extension]
C/C++:   289 |     return $payload;
C/C++:       |            ^
C/C++: 138 warnings generated.

> Task :app:configureCMakeDebug[armeabi-v7a]
> Task :app:buildCMakeDebug[armeabi-v7a]
C/C++: ninja: Entering directory `/Users/pavan/Documents/klatchup/klatchup/android/app/.cxx/Debug/3i551o4n/armeabi-v7a'
C/C++: /Users/pavan/Documents/klatchup/klatchup/node_modules/react-native-safe-area-context/android/build/generated/source/codegen/jni/react/renderer/components/safeareacontext/EventEmitters.cpp:16:69: warning: '$' in identifier [-Wdollar-in-identifier-extension]
C/C++:    16 | void RNCSafeAreaProviderEventEmitter::onInsetsChange(OnInsetsChange $event) const {
C/C++:       |                                                                     ^
C/C++: /Users/pavan/Documents/klatchup/klatchup/node_modules/react-native-safe-area-context/android/build/generated/source/codegen/jni/react/renderer/components/safeareacontext/EventEmitters.cpp:17:34: warning: '$' in identifier [-Wdollar-in-identifier-extension]
C/C++:    17 |   dispatchEvent("insetsChange", [$event=std::move($event)](jsi::Runtime &runtime) {
C/C++:       |                                  ^
C/C++: /Users/pavan/Documents/klatchup/klatchup/node_modules/react-native-safe-area-context/android/build/generated/source/codegen/jni/react/renderer/components/safeareacontext/EventEmitters.cpp:17:51: warning: '$' in identifier [-Wdollar-in-identifier-extension]
C/C++:    17 |   dispatchEvent("insetsChange", [$event=std::move($event)](jsi::Runtime &runtime) {
C/C++:       |                                                   ^
C/C++: /Users/pavan/Documents/klatchup/klatchup/node_modules/react-native-safe-area-context/android/build/generated/source/codegen/jni/react/renderer/components/safeareacontext/EventEmitters.cpp:18:10: warning: '$' in identifier [-Wdollar-in-identifier-extension]
C/C++:    18 |     auto $payload = jsi::Object(runtime);
C/C++:       |          ^
C/C++: /Users/pavan/Documents/klatchup/klatchup/node_modules/react-native-safe-area-context/android/build/generated/source/codegen/jni/react/renderer/components/safeareacontext/EventEmitters.cpp:21:38: warning: '$' in identifier [-Wdollar-in-identifier-extension]
C/C++:    21 |   insets.setProperty(runtime, "top", $event.insets.top);
C/C++:       |                                      ^
C/C++: /Users/pavan/Documents/klatchup/klatchup/node_modules/react-native-safe-area-context/android/build/generated/source/codegen/jni/react/renderer/components/safeareacontext/EventEmitters.cpp:22:40: warning: '$' in identifier [-Wdollar-in-identifier-extension]
C/C++:    22 |   insets.setProperty(runtime, "right", $event.insets.right);
C/C++:       |                                        ^
C/C++: /Users/pavan/Documents/klatchup/klatchup/node_modules/react-native-safe-area-context/android/build/generated/source/codegen/jni/react/renderer/components/safeareacontext/EventEmitters.cpp:23:41: warning: '$' in identifier [-Wdollar-in-identifier-extension]
C/C++:    23 |   insets.setProperty(runtime, "bottom", $event.insets.bottom);
C/C++:       |                                         ^
C/C++: /Users/pavan/Documents/klatchup/klatchup/node_modules/react-native-safe-area-context/android/build/generated/source/codegen/jni/react/renderer/components/safeareacontext/EventEmitters.cpp:24:39: warning: '$' in identifier [-Wdollar-in-identifier-extension]
C/C++:    24 |   insets.setProperty(runtime, "left", $event.insets.left);
C/C++:       |                                       ^
C/C++: /Users/pavan/Documents/klatchup/klatchup/node_modules/react-native-safe-area-context/android/build/generated/source/codegen/jni/react/renderer/components/safeareacontext/EventEmitters.cpp:25:3: warning: '$' in identifier [-Wdollar-in-identifier-extension]
C/C++:    25 |   $payload.setProperty(runtime, "insets", insets);
C/C++:       |   ^
C/C++: /Users/pavan/Documents/klatchup/klatchup/node_modules/react-native-safe-area-context/android/build/generated/source/codegen/jni/react/renderer/components/safeareacontext/EventEmitters.cpp:29:35: warning: '$' in identifier [-Wdollar-in-identifier-extension]
C/C++:    29 |   frame.setProperty(runtime, "x", $event.frame.x);
C/C++:       |                                   ^
C/C++: /Users/pavan/Documents/klatchup/klatchup/node_modules/react-native-safe-area-context/android/build/generated/source/codegen/jni/react/renderer/components/safeareacontext/EventEmitters.cpp:30:35: warning: '$' in identifier [-Wdollar-in-identifier-extension]
C/C++:    30 |   frame.setProperty(runtime, "y", $event.frame.y);
C/C++:       |                                   ^
C/C++: /Users/pavan/Documents/klatchup/klatchup/node_modules/react-native-safe-area-context/android/build/generated/source/codegen/jni/react/renderer/components/safeareacontext/EventEmitters.cpp:31:39: warning: '$' in identifier [-Wdollar-in-identifier-extension]
C/C++:    31 |   frame.setProperty(runtime, "width", $event.frame.width);
C/C++:       |                                       ^
C/C++: /Users/pavan/Documents/klatchup/klatchup/node_modules/react-native-safe-area-context/android/build/generated/source/codegen/jni/react/renderer/components/safeareacontext/EventEmitters.cpp:32:40: warning: '$' in identifier [-Wdollar-in-identifier-extension]
C/C++:    32 |   frame.setProperty(runtime, "height", $event.frame.height);
C/C++:       |                                        ^
C/C++: /Users/pavan/Documents/klatchup/klatchup/node_modules/react-native-safe-area-context/android/build/generated/source/codegen/jni/react/renderer/components/safeareacontext/EventEmitters.cpp:33:3: warning: '$' in identifier [-Wdollar-in-identifier-extension]
C/C++:    33 |   $payload.setProperty(runtime, "frame", frame);
C/C++:       |   ^
C/C++: /Users/pavan/Documents/klatchup/klatchup/node_modules/react-native-safe-area-context/android/build/generated/source/codegen/jni/react/renderer/components/safeareacontext/EventEmitters.cpp:35:12: warning: '$' in identifier [-Wdollar-in-identifier-extension]
C/C++:    35 |     return $payload;
C/C++:       |            ^
C/C++: 15 warnings generated.
C/C++: /Users/pavan/Documents/klatchup/klatchup/node_modules/react-native-screens/android/build/generated/source/codegen/jni/react/renderer/components/rnscreens/EventEmitters.cpp:17:52: warning: '$' in identifier [-Wdollar-in-identifier-extension]
C/C++:    17 | void RNSModalScreenEventEmitter::onAppear(OnAppear $event) const {
C/C++:       |                                                    ^
C/C++: /Users/pavan/Documents/klatchup/klatchup/node_modules/react-native-screens/android/build/generated/source/codegen/jni/react/renderer/components/rnscreens/EventEmitters.cpp:19:10: warning: '$' in identifier [-Wdollar-in-identifier-extension]
C/C++:    19 |     auto $payload = jsi::Object(runtime);
C/C++:       |          ^
C/C++: /Users/pavan/Documents/klatchup/klatchup/node_modules/react-native-screens/android/build/generated/source/codegen/jni/react/renderer/components/rnscreens/EventEmitters.cpp:21:12: warning: '$' in identifier [-Wdollar-in-identifier-extension]
C/C++:    21 |     return $payload;
C/C++:       |            ^
C/C++: /Users/pavan/Documents/klatchup/klatchup/node_modules/react-native-screens/android/build/generated/source/codegen/jni/react/renderer/components/rnscreens/EventEmitters.cpp:26:58: warning: '$' in identifier [-Wdollar-in-identifier-extension]
C/C++:    26 | void RNSModalScreenEventEmitter::onDisappear(OnDisappear $event) const {
C/C++:       |                                                          ^
C/C++: /Users/pavan/Documents/klatchup/klatchup/node_modules/react-native-screens/android/build/generated/source/codegen/jni/react/renderer/components/rnscreens/EventEmitters.cpp:28:10: warning: '$' in identifier [-Wdollar-in-identifier-extension]
C/C++:    28 |     auto $payload = jsi::Object(runtime);
C/C++:       |          ^
C/C++: /Users/pavan/Documents/klatchup/klatchup/node_modules/react-native-screens/android/build/generated/source/codegen/jni/react/renderer/components/rnscreens/EventEmitters.cpp:30:12: warning: '$' in identifier [-Wdollar-in-identifier-extension]
C/C++:    30 |     return $payload;
C/C++:       |            ^
C/C++: /Users/pavan/Documents/klatchup/klatchup/node_modules/react-native-screens/android/build/generated/source/codegen/jni/react/renderer/components/rnscreens/EventEmitters.cpp:35:58: warning: '$' in identifier [-Wdollar-in-identifier-extension]
C/C++:    35 | void RNSModalScreenEventEmitter::onDismissed(OnDismissed $event) const {
C/C++:       |                                                          ^
C/C++: /Users/pavan/Documents/klatchup/klatchup/node_modules/react-native-screens/android/build/generated/source/codegen/jni/react/renderer/components/rnscreens/EventEmitters.cpp:36:31: warning: '$' in identifier [-Wdollar-in-identifier-extension]
C/C++:    36 |   dispatchEvent("dismissed", [$event=std::move($event)](jsi::Runtime &runtime) {
C/C++:       |                               ^
C/C++: /Users/pavan/Documents/klatchup/klatchup/node_modules/react-native-screens/android/build/generated/source/codegen/jni/react/renderer/components/rnscreens/EventEmitters.cpp:36:48: warning: '$' in identifier [-Wdollar-in-identifier-extension]
C/C++:    36 |   dispatchEvent("dismissed", [$event=std::move($event)](jsi::Runtime &runtime) {
C/C++:       |                                                ^
C/C++: /Users/pavan/Documents/klatchup/klatchup/node_modules/react-native-screens/android/build/generated/source/codegen/jni/react/renderer/components/rnscreens/EventEmitters.cpp:37:10: warning: '$' in identifier [-Wdollar-in-identifier-extension]
C/C++:    37 |     auto $payload = jsi::Object(runtime);
C/C++:       |          ^
C/C++: /Users/pavan/Documents/klatchup/klatchup/node_modules/react-native-screens/android/build/generated/source/codegen/jni/react/renderer/components/rnscreens/EventEmitters.cpp:38:5: warning: '$' in identifier [-Wdollar-in-identifier-extension]
C/C++:    38 |     $payload.setProperty(runtime, "dismissCount", $event.dismissCount);
C/C++:       |     ^
C/C++: /Users/pavan/Documents/klatchup/klatchup/node_modules/react-native-screens/android/build/generated/source/codegen/jni/react/renderer/components/rnscreens/EventEmitters.cpp:38:51: warning: '$' in identifier [-Wdollar-in-identifier-extension]
C/C++:    38 |     $payload.setProperty(runtime, "dismissCount", $event.dismissCount);
C/C++:       |                                                   ^
C/C++: /Users/pavan/Documents/klatchup/klatchup/node_modules/react-native-screens/android/build/generated/source/codegen/jni/react/renderer/components/rnscreens/EventEmitters.cpp:39:12: warning: '$' in identifier [-Wdollar-in-identifier-extension]
C/C++:    39 |     return $payload;
C/C++:       |            ^
C/C++: /Users/pavan/Documents/klatchup/klatchup/node_modules/react-native-screens/android/build/generated/source/codegen/jni/react/renderer/components/rnscreens/EventEmitters.cpp:44:84: warning: '$' in identifier [-Wdollar-in-identifier-extension]
C/C++:    44 | void RNSModalScreenEventEmitter::onNativeDismissCancelled(OnNativeDismissCancelled $event) const {
C/C++:       |                                                                                    ^
C/C++: /Users/pavan/Documents/klatchup/klatchup/node_modules/react-native-screens/android/build/generated/source/codegen/jni/react/renderer/components/rnscreens/EventEmitters.cpp:45:44: warning: '$' in identifier [-Wdollar-in-identifier-extension]
C/C++:    45 |   dispatchEvent("nativeDismissCancelled", [$event=std::move($event)](jsi::Runtime &runtime) {
C/C++:       |                                            ^
C/C++: /Users/pavan/Documents/klatchup/klatchup/node_modules/react-native-screens/android/build/generated/source/codegen/jni/react/renderer/components/rnscreens/EventEmitters.cpp:45:61: warning: '$' in identifier [-Wdollar-in-identifier-extension]
C/C++:    45 |   dispatchEvent("nativeDismissCancelled", [$event=std::move($event)](jsi::Runtime &runtime) {
C/C++:       |                                                             ^
C/C++: /Users/pavan/Documents/klatchup/klatchup/node_modules/react-native-screens/android/build/generated/source/codegen/jni/react/renderer/components/rnscreens/EventEmitters.cpp:46:10: warning: '$' in identifier [-Wdollar-in-identifier-extension]
C/C++:    46 |     auto $payload = jsi::Object(runtime);
C/C++:       |          ^
C/C++: /Users/pavan/Documents/klatchup/klatchup/node_modules/react-native-screens/android/build/generated/source/codegen/jni/react/renderer/components/rnscreens/EventEmitters.cpp:47:5: warning: '$' in identifier [-Wdollar-in-identifier-extension]
C/C++:    47 |     $payload.setProperty(runtime, "dismissCount", $event.dismissCount);
C/C++:       |     ^
C/C++: /Users/pavan/Documents/klatchup/klatchup/node_modules/react-native-screens/android/build/generated/source/codegen/jni/react/renderer/components/rnscreens/EventEmitters.cpp:47:51: warning: '$' in identifier [-Wdollar-in-identifier-extension]
C/C++:    47 |     $payload.setProperty(runtime, "dismissCount", $event.dismissCount);
C/C++:       |                                                   ^
C/C++: /Users/pavan/Documents/klatchup/klatchup/node_modules/react-native-screens/android/build/generated/source/codegen/jni/react/renderer/components/rnscreens/EventEmitters.cpp:48:12: warning: '$' in identifier [-Wdollar-in-identifier-extension]
C/C++:    48 |     return $payload;
C/C++:       |            ^
C/C++: /Users/pavan/Documents/klatchup/klatchup/node_modules/react-native-screens/android/build/generated/source/codegen/jni/react/renderer/components/rnscreens/EventEmitters.cpp:53:60: warning: '$' in identifier [-Wdollar-in-identifier-extension]
C/C++:    53 | void RNSModalScreenEventEmitter::onWillAppear(OnWillAppear $event) const {
C/C++:       |                                                            ^
C/C++: /Users/pavan/Documents/klatchup/klatchup/node_modules/react-native-screens/android/build/generated/source/codegen/jni/react/renderer/components/rnscreens/EventEmitters.cpp:55:10: warning: '$' in identifier [-Wdollar-in-identifier-extension]
C/C++:    55 |     auto $payload = jsi::Object(runtime);
C/C++:       |          ^
C/C++: /Users/pavan/Documents/klatchup/klatchup/node_modules/react-native-screens/android/build/generated/source/codegen/jni/react/renderer/components/rnscreens/EventEmitters.cpp:57:12: warning: '$' in identifier [-Wdollar-in-identifier-extension]
C/C++:    57 |     return $payload;
C/C++:       |            ^
C/C++: /Users/pavan/Documents/klatchup/klatchup/node_modules/react-native-screens/android/build/generated/source/codegen/jni/react/renderer/components/rnscreens/EventEmitters.cpp:62:66: warning: '$' in identifier [-Wdollar-in-identifier-extension]
C/C++:    62 | void RNSModalScreenEventEmitter::onWillDisappear(OnWillDisappear $event) const {
C/C++:       |                                                                  ^
C/C++: /Users/pavan/Documents/klatchup/klatchup/node_modules/react-native-screens/android/build/generated/source/codegen/jni/react/renderer/components/rnscreens/EventEmitters.cpp:64:10: warning: '$' in identifier [-Wdollar-in-identifier-extension]
C/C++:    64 |     auto $payload = jsi::Object(runtime);
C/C++:       |          ^
C/C++: /Users/pavan/Documents/klatchup/klatchup/node_modules/react-native-screens/android/build/generated/source/codegen/jni/react/renderer/components/rnscreens/EventEmitters.cpp:66:12: warning: '$' in identifier [-Wdollar-in-identifier-extension]
C/C++:    66 |     return $payload;
C/C++:       |            ^
C/C++: /Users/pavan/Documents/klatchup/klatchup/node_modules/react-native-screens/android/build/generated/source/codegen/jni/react/renderer/components/rnscreens/EventEmitters.cpp:71:76: warning: '$' in identifier [-Wdollar-in-identifier-extension]
C/C++:    71 | void RNSModalScreenEventEmitter::onHeaderHeightChange(OnHeaderHeightChange $event) const {
C/C++:       |                                                                            ^
C/C++: /Users/pavan/Documents/klatchup/klatchup/node_modules/react-native-screens/android/build/generated/source/codegen/jni/react/renderer/components/rnscreens/EventEmitters.cpp:72:40: warning: '$' in identifier [-Wdollar-in-identifier-extension]
C/C++:    72 |   dispatchEvent("headerHeightChange", [$event=std::move($event)](jsi::Runtime &runtime) {
C/C++:       |                                        ^
C/C++: /Users/pavan/Documents/klatchup/klatchup/node_modules/react-native-screens/android/build/generated/source/codegen/jni/react/renderer/components/rnscreens/EventEmitters.cpp:72:57: warning: '$' in identifier [-Wdollar-in-identifier-extension]
C/C++:    72 |   dispatchEvent("headerHeightChange", [$event=std::move($event)](jsi::Runtime &runtime) {
C/C++:       |                                                         ^
C/C++: /Users/pavan/Documents/klatchup/klatchup/node_modules/react-native-screens/android/build/generated/source/codegen/jni/react/renderer/components/rnscreens/EventEmitters.cpp:73:10: warning: '$' in identifier [-Wdollar-in-identifier-extension]
C/C++:    73 |     auto $payload = jsi::Object(runtime);
C/C++:       |          ^
C/C++: /Users/pavan/Documents/klatchup/klatchup/node_modules/react-native-screens/android/build/generated/source/codegen/jni/react/renderer/components/rnscreens/EventEmitters.cpp:74:5: warning: '$' in identifier [-Wdollar-in-identifier-extension]
C/C++:    74 |     $payload.setProperty(runtime, "headerHeight", $event.headerHeight);
C/C++:       |     ^
C/C++: /Users/pavan/Documents/klatchup/klatchup/node_modules/react-native-screens/android/build/generated/source/codegen/jni/react/renderer/components/rnscreens/EventEmitters.cpp:74:51: warning: '$' in identifier [-Wdollar-in-identifier-extension]
C/C++:    74 |     $payload.setProperty(runtime, "headerHeight", $event.headerHeight);
C/C++:       |                                                   ^
C/C++: /Users/pavan/Documents/klatchup/klatchup/node_modules/react-native-screens/android/build/generated/source/codegen/jni/react/renderer/components/rnscreens/EventEmitters.cpp:75:12: warning: '$' in identifier [-Wdollar-in-identifier-extension]
C/C++:    75 |     return $payload;
C/C++:       |            ^
C/C++: /Users/pavan/Documents/klatchup/klatchup/node_modules/react-native-screens/android/build/generated/source/codegen/jni/react/renderer/components/rnscreens/EventEmitters.cpp:80:76: warning: '$' in identifier [-Wdollar-in-identifier-extension]
C/C++:    80 | void RNSModalScreenEventEmitter::onTransitionProgress(OnTransitionProgress $event) const {
C/C++:       |                                                                            ^
C/C++: /Users/pavan/Documents/klatchup/klatchup/node_modules/react-native-screens/android/build/generated/source/codegen/jni/react/renderer/components/rnscreens/EventEmitters.cpp:81:40: warning: '$' in identifier [-Wdollar-in-identifier-extension]
C/C++:    81 |   dispatchEvent("transitionProgress", [$event=std::move($event)](jsi::Runtime &runtime) {
C/C++:       |                                        ^
C/C++: /Users/pavan/Documents/klatchup/klatchup/node_modules/react-native-screens/android/build/generated/source/codegen/jni/react/renderer/components/rnscreens/EventEmitters.cpp:81:57: warning: '$' in identifier [-Wdollar-in-identifier-extension]
C/C++:    81 |   dispatchEvent("transitionProgress", [$event=std::move($event)](jsi::Runtime &runtime) {
C/C++:       |                                                         ^
C/C++: /Users/pavan/Documents/klatchup/klatchup/node_modules/react-native-screens/android/build/generated/source/codegen/jni/react/renderer/components/rnscreens/EventEmitters.cpp:82:10: warning: '$' in identifier [-Wdollar-in-identifier-extension]
C/C++:    82 |     auto $payload = jsi::Object(runtime);
C/C++:       |          ^
C/C++: /Users/pavan/Documents/klatchup/klatchup/node_modules/react-native-screens/android/build/generated/source/codegen/jni/react/renderer/components/rnscreens/EventEmitters.cpp:83:5: warning: '$' in identifier [-Wdollar-in-identifier-extension]
C/C++:    83 |     $payload.setProperty(runtime, "progress", $event.progress);
C/C++:       |     ^
C/C++: /Users/pavan/Documents/klatchup/klatchup/node_modules/react-native-screens/android/build/generated/source/codegen/jni/react/renderer/components/rnscreens/EventEmitters.cpp:83:47: warning: '$' in identifier [-Wdollar-in-identifier-extension]
C/C++:    83 |     $payload.setProperty(runtime, "progress", $event.progress);
C/C++:       |                                               ^
C/C++: /Users/pavan/Documents/klatchup/klatchup/node_modules/react-native-screens/android/build/generated/source/codegen/jni/react/renderer/components/rnscreens/EventEmitters.cpp:84:1: warning: '$' in identifier [-Wdollar-in-identifier-extension]
C/C++:    84 | $payload.setProperty(runtime, "closing", $event.closing);
C/C++:       | ^
C/C++: /Users/pavan/Documents/klatchup/klatchup/node_modules/react-native-screens/android/build/generated/source/codegen/jni/react/renderer/components/rnscreens/EventEmitters.cpp:84:42: warning: '$' in identifier [-Wdollar-in-identifier-extension]
C/C++:    84 | $payload.setProperty(runtime, "closing", $event.closing);
C/C++:       |                                          ^
C/C++: /Users/pavan/Documents/klatchup/klatchup/node_modules/react-native-screens/android/build/generated/source/codegen/jni/react/renderer/components/rnscreens/EventEmitters.cpp:85:1: warning: '$' in identifier [-Wdollar-in-identifier-extension]
C/C++:    85 | $payload.setProperty(runtime, "goingForward", $event.goingForward);
C/C++:       | ^
C/C++: /Users/pavan/Documents/klatchup/klatchup/node_modules/react-native-screens/android/build/generated/source/codegen/jni/react/renderer/components/rnscreens/EventEmitters.cpp:85:47: warning: '$' in identifier [-Wdollar-in-identifier-extension]
C/C++:    85 | $payload.setProperty(runtime, "goingForward", $event.goingForward);
C/C++:       |                                               ^
C/C++: /Users/pavan/Documents/klatchup/klatchup/node_modules/react-native-screens/android/build/generated/source/codegen/jni/react/renderer/components/rnscreens/EventEmitters.cpp:86:12: warning: '$' in identifier [-Wdollar-in-identifier-extension]
C/C++:    86 |     return $payload;
C/C++:       |            ^
C/C++: /Users/pavan/Documents/klatchup/klatchup/node_modules/react-native-screens/android/build/generated/source/codegen/jni/react/renderer/components/rnscreens/EventEmitters.cpp:91:66: warning: '$' in identifier [-Wdollar-in-identifier-extension]
C/C++:    91 | void RNSModalScreenEventEmitter::onGestureCancel(OnGestureCancel $event) const {
C/C++:       |                                                                  ^
C/C++: /Users/pavan/Documents/klatchup/klatchup/node_modules/react-native-screens/android/build/generated/source/codegen/jni/react/renderer/components/rnscreens/EventEmitters.cpp:93:10: warning: '$' in identifier [-Wdollar-in-identifier-extension]
C/C++:    93 |     auto $payload = jsi::Object(runtime);
C/C++:       |          ^
C/C++: /Users/pavan/Documents/klatchup/klatchup/node_modules/react-native-screens/android/build/generated/source/codegen/jni/react/renderer/components/rnscreens/EventEmitters.cpp:95:12: warning: '$' in identifier [-Wdollar-in-identifier-extension]
C/C++:    95 |     return $payload;
C/C++:       |            ^
C/C++: /Users/pavan/Documents/klatchup/klatchup/node_modules/react-native-screens/android/build/generated/source/codegen/jni/react/renderer/components/rnscreens/EventEmitters.cpp:100:86: warning: '$' in identifier [-Wdollar-in-identifier-extension]
C/C++:   100 | void RNSModalScreenEventEmitter::onHeaderBackButtonClicked(OnHeaderBackButtonClicked $event) const {
C/C++:       |                                                                                      ^
C/C++: /Users/pavan/Documents/klatchup/klatchup/node_modules/react-native-screens/android/build/generated/source/codegen/jni/react/renderer/components/rnscreens/EventEmitters.cpp:102:10: warning: '$' in identifier [-Wdollar-in-identifier-extension]
C/C++:   102 |     auto $payload = jsi::Object(runtime);
C/C++:       |          ^
C/C++: /Users/pavan/Documents/klatchup/klatchup/node_modules/react-native-screens/android/build/generated/source/codegen/jni/react/renderer/components/rnscreens/EventEmitters.cpp:104:12: warning: '$' in identifier [-Wdollar-in-identifier-extension]
C/C++:   104 |     return $payload;
C/C++:       |            ^
C/C++: /Users/pavan/Documents/klatchup/klatchup/node_modules/react-native-screens/android/build/generated/source/codegen/jni/react/renderer/components/rnscreens/EventEmitters.cpp:110:47: warning: '$' in identifier [-Wdollar-in-identifier-extension]
C/C++:   110 | void RNSScreenEventEmitter::onAppear(OnAppear $event) const {
C/C++:       |                                               ^
C/C++: /Users/pavan/Documents/klatchup/klatchup/node_modules/react-native-screens/android/build/generated/source/codegen/jni/react/renderer/components/rnscreens/EventEmitters.cpp:112:10: warning: '$' in identifier [-Wdollar-in-identifier-extension]
C/C++:   112 |     auto $payload = jsi::Object(runtime);
C/C++:       |          ^
C/C++: /Users/pavan/Documents/klatchup/klatchup/node_modules/react-native-screens/android/build/generated/source/codegen/jni/react/renderer/components/rnscreens/EventEmitters.cpp:114:12: warning: '$' in identifier [-Wdollar-in-identifier-extension]
C/C++:   114 |     return $payload;
C/C++:       |            ^
C/C++: /Users/pavan/Documents/klatchup/klatchup/node_modules/react-native-screens/android/build/generated/source/codegen/jni/react/renderer/components/rnscreens/EventEmitters.cpp:119:53: warning: '$' in identifier [-Wdollar-in-identifier-extension]
C/C++:   119 | void RNSScreenEventEmitter::onDisappear(OnDisappear $event) const {
C/C++:       |                                                     ^
C/C++: /Users/pavan/Documents/klatchup/klatchup/node_modules/react-native-screens/android/build/generated/source/codegen/jni/react/renderer/components/rnscreens/EventEmitters.cpp:121:10: warning: '$' in identifier [-Wdollar-in-identifier-extension]
C/C++:   121 |     auto $payload = jsi::Object(runtime);
C/C++:       |          ^
C/C++: /Users/pavan/Documents/klatchup/klatchup/node_modules/react-native-screens/android/build/generated/source/codegen/jni/react/renderer/components/rnscreens/EventEmitters.cpp:123:12: warning: '$' in identifier [-Wdollar-in-identifier-extension]
C/C++:   123 |     return $payload;
C/C++:       |            ^
C/C++: /Users/pavan/Documents/klatchup/klatchup/node_modules/react-native-screens/android/build/generated/source/codegen/jni/react/renderer/components/rnscreens/EventEmitters.cpp:128:53: warning: '$' in identifier [-Wdollar-in-identifier-extension]
C/C++:   128 | void RNSScreenEventEmitter::onDismissed(OnDismissed $event) const {
C/C++:       |                                                     ^
C/C++: /Users/pavan/Documents/klatchup/klatchup/node_modules/react-native-screens/android/build/generated/source/codegen/jni/react/renderer/components/rnscreens/EventEmitters.cpp:129:31: warning: '$' in identifier [-Wdollar-in-identifier-extension]
C/C++:   129 |   dispatchEvent("dismissed", [$event=std::move($event)](jsi::Runtime &runtime) {
C/C++:       |                               ^
C/C++: /Users/pavan/Documents/klatchup/klatchup/node_modules/react-native-screens/android/build/generated/source/codegen/jni/react/renderer/components/rnscreens/EventEmitters.cpp:129:48: warning: '$' in identifier [-Wdollar-in-identifier-extension]
C/C++:   129 |   dispatchEvent("dismissed", [$event=std::move($event)](jsi::Runtime &runtime) {
C/C++:       |                                                ^
C/C++: /Users/pavan/Documents/klatchup/klatchup/node_modules/react-native-screens/android/build/generated/source/codegen/jni/react/renderer/components/rnscreens/EventEmitters.cpp:130:10: warning: '$' in identifier [-Wdollar-in-identifier-extension]
C/C++:   130 |     auto $payload = jsi::Object(runtime);
C/C++:       |          ^
C/C++: /Users/pavan/Documents/klatchup/klatchup/node_modules/react-native-screens/android/build/generated/source/codegen/jni/react/renderer/components/rnscreens/EventEmitters.cpp:131:5: warning: '$' in identifier [-Wdollar-in-identifier-extension]
C/C++:   131 |     $payload.setProperty(runtime, "dismissCount", $event.dismissCount);
C/C++:       |     ^
C/C++: /Users/pavan/Documents/klatchup/klatchup/node_modules/react-native-screens/android/build/generated/source/codegen/jni/react/renderer/components/rnscreens/EventEmitters.cpp:131:51: warning: '$' in identifier [-Wdollar-in-identifier-extension]
C/C++:   131 |     $payload.setProperty(runtime, "dismissCount", $event.dismissCount);
C/C++:       |                                                   ^
C/C++: /Users/pavan/Documents/klatchup/klatchup/node_modules/react-native-screens/android/build/generated/source/codegen/jni/react/renderer/components/rnscreens/EventEmitters.cpp:132:12: warning: '$' in identifier [-Wdollar-in-identifier-extension]
C/C++:   132 |     return $payload;
C/C++:       |            ^
C/C++: /Users/pavan/Documents/klatchup/klatchup/node_modules/react-native-screens/android/build/generated/source/codegen/jni/react/renderer/components/rnscreens/EventEmitters.cpp:137:79: warning: '$' in identifier [-Wdollar-in-identifier-extension]
C/C++:   137 | void RNSScreenEventEmitter::onNativeDismissCancelled(OnNativeDismissCancelled $event) const {
C/C++:       |                                                                               ^
C/C++: /Users/pavan/Documents/klatchup/klatchup/node_modules/react-native-screens/android/build/generated/source/codegen/jni/react/renderer/components/rnscreens/EventEmitters.cpp:138:44: warning: '$' in identifier [-Wdollar-in-identifier-extension]
C/C++:   138 |   dispatchEvent("nativeDismissCancelled", [$event=std::move($event)](jsi::Runtime &runtime) {
C/C++:       |                                            ^
C/C++: /Users/pavan/Documents/klatchup/klatchup/node_modules/react-native-screens/android/build/generated/source/codegen/jni/react/renderer/components/rnscreens/EventEmitters.cpp:138:61: warning: '$' in identifier [-Wdollar-in-identifier-extension]
C/C++:   138 |   dispatchEvent("nativeDismissCancelled", [$event=std::move($event)](jsi::Runtime &runtime) {
C/C++:       |                                                             ^
C/C++: /Users/pavan/Documents/klatchup/klatchup/node_modules/react-native-screens/android/build/generated/source/codegen/jni/react/renderer/components/rnscreens/EventEmitters.cpp:139:10: warning: '$' in identifier [-Wdollar-in-identifier-extension]
C/C++:   139 |     auto $payload = jsi::Object(runtime);
C/C++:       |          ^
C/C++: /Users/pavan/Documents/klatchup/klatchup/node_modules/react-native-screens/android/build/generated/source/codegen/jni/react/renderer/components/rnscreens/EventEmitters.cpp:140:5: warning: '$' in identifier [-Wdollar-in-identifier-extension]
C/C++:   140 |     $payload.setProperty(runtime, "dismissCount", $event.dismissCount);
C/C++:       |     ^
C/C++: /Users/pavan/Documents/klatchup/klatchup/node_modules/react-native-screens/android/build/generated/source/codegen/jni/react/renderer/components/rnscreens/EventEmitters.cpp:140:51: warning: '$' in identifier [-Wdollar-in-identifier-extension]
C/C++:   140 |     $payload.setProperty(runtime, "dismissCount", $event.dismissCount);
C/C++:       |                                                   ^
C/C++: /Users/pavan/Documents/klatchup/klatchup/node_modules/react-native-screens/android/build/generated/source/codegen/jni/react/renderer/components/rnscreens/EventEmitters.cpp:141:12: warning: '$' in identifier [-Wdollar-in-identifier-extension]
C/C++:   141 |     return $payload;
C/C++:       |            ^
C/C++: /Users/pavan/Documents/klatchup/klatchup/node_modules/react-native-screens/android/build/generated/source/codegen/jni/react/renderer/components/rnscreens/EventEmitters.cpp:146:55: warning: '$' in identifier [-Wdollar-in-identifier-extension]
C/C++:   146 | void RNSScreenEventEmitter::onWillAppear(OnWillAppear $event) const {
C/C++:       |                                                       ^
C/C++: /Users/pavan/Documents/klatchup/klatchup/node_modules/react-native-screens/android/build/generated/source/codegen/jni/react/renderer/components/rnscreens/EventEmitters.cpp:148:10: warning: '$' in identifier [-Wdollar-in-identifier-extension]
C/C++:   148 |     auto $payload = jsi::Object(runtime);
C/C++:       |          ^
C/C++: /Users/pavan/Documents/klatchup/klatchup/node_modules/react-native-screens/android/build/generated/source/codegen/jni/react/renderer/components/rnscreens/EventEmitters.cpp:150:12: warning: '$' in identifier [-Wdollar-in-identifier-extension]
C/C++:   150 |     return $payload;
C/C++:       |            ^
C/C++: /Users/pavan/Documents/klatchup/klatchup/node_modules/react-native-screens/android/build/generated/source/codegen/jni/react/renderer/components/rnscreens/EventEmitters.cpp:155:61: warning: '$' in identifier [-Wdollar-in-identifier-extension]
C/C++:   155 | void RNSScreenEventEmitter::onWillDisappear(OnWillDisappear $event) const {
C/C++:       |                                                             ^
C/C++: /Users/pavan/Documents/klatchup/klatchup/node_modules/react-native-screens/android/build/generated/source/codegen/jni/react/renderer/components/rnscreens/EventEmitters.cpp:157:10: warning: '$' in identifier [-Wdollar-in-identifier-extension]
C/C++:   157 |     auto $payload = jsi::Object(runtime);
C/C++:       |          ^
C/C++: /Users/pavan/Documents/klatchup/klatchup/node_modules/react-native-screens/android/build/generated/source/codegen/jni/react/renderer/components/rnscreens/EventEmitters.cpp:159:12: warning: '$' in identifier [-Wdollar-in-identifier-extension]
C/C++:   159 |     return $payload;
C/C++:       |            ^
C/C++: /Users/pavan/Documents/klatchup/klatchup/node_modules/react-native-screens/android/build/generated/source/codegen/jni/react/renderer/components/rnscreens/EventEmitters.cpp:164:71: warning: '$' in identifier [-Wdollar-in-identifier-extension]
C/C++:   164 | void RNSScreenEventEmitter::onHeaderHeightChange(OnHeaderHeightChange $event) const {
C/C++:       |                                                                       ^
C/C++: /Users/pavan/Documents/klatchup/klatchup/node_modules/react-native-screens/android/build/generated/source/codegen/jni/react/renderer/components/rnscreens/EventEmitters.cpp:165:40: warning: '$' in identifier [-Wdollar-in-identifier-extension]
C/C++:   165 |   dispatchEvent("headerHeightChange", [$event=std::move($event)](jsi::Runtime &runtime) {
C/C++:       |                                        ^
C/C++: /Users/pavan/Documents/klatchup/klatchup/node_modules/react-native-screens/android/build/generated/source/codegen/jni/react/renderer/components/rnscreens/EventEmitters.cpp:165:57: warning: '$' in identifier [-Wdollar-in-identifier-extension]
C/C++:   165 |   dispatchEvent("headerHeightChange", [$event=std::move($event)](jsi::Runtime &runtime) {
C/C++:       |                                                         ^
C/C++: /Users/pavan/Documents/klatchup/klatchup/node_modules/react-native-screens/android/build/generated/source/codegen/jni/react/renderer/components/rnscreens/EventEmitters.cpp:166:10: warning: '$' in identifier [-Wdollar-in-identifier-extension]
C/C++:   166 |     auto $payload = jsi::Object(runtime);
C/C++:       |          ^
C/C++: /Users/pavan/Documents/klatchup/klatchup/node_modules/react-native-screens/android/build/generated/source/codegen/jni/react/renderer/components/rnscreens/EventEmitters.cpp:167:5: warning: '$' in identifier [-Wdollar-in-identifier-extension]
C/C++:   167 |     $payload.setProperty(runtime, "headerHeight", $event.headerHeight);
C/C++:       |     ^
C/C++: /Users/pavan/Documents/klatchup/klatchup/node_modules/react-native-screens/android/build/generated/source/codegen/jni/react/renderer/components/rnscreens/EventEmitters.cpp:167:51: warning: '$' in identifier [-Wdollar-in-identifier-extension]
C/C++:   167 |     $payload.setProperty(runtime, "headerHeight", $event.headerHeight);
C/C++:       |                                                   ^
C/C++: /Users/pavan/Documents/klatchup/klatchup/node_modules/react-native-screens/android/build/generated/source/codegen/jni/react/renderer/components/rnscreens/EventEmitters.cpp:168:12: warning: '$' in identifier [-Wdollar-in-identifier-extension]
C/C++:   168 |     return $payload;
C/C++:       |            ^
C/C++: /Users/pavan/Documents/klatchup/klatchup/node_modules/react-native-screens/android/build/generated/source/codegen/jni/react/renderer/components/rnscreens/EventEmitters.cpp:173:71: warning: '$' in identifier [-Wdollar-in-identifier-extension]
C/C++:   173 | void RNSScreenEventEmitter::onTransitionProgress(OnTransitionProgress $event) const {
C/C++:       |                                                                       ^
C/C++: /Users/pavan/Documents/klatchup/klatchup/node_modules/react-native-screens/android/build/generated/source/codegen/jni/react/renderer/components/rnscreens/EventEmitters.cpp:174:40: warning: '$' in identifier [-Wdollar-in-identifier-extension]
C/C++:   174 |   dispatchEvent("transitionProgress", [$event=std::move($event)](jsi::Runtime &runtime) {
C/C++:       |                                        ^
C/C++: /Users/pavan/Documents/klatchup/klatchup/node_modules/react-native-screens/android/build/generated/source/codegen/jni/react/renderer/components/rnscreens/EventEmitters.cpp:174:57: warning: '$' in identifier [-Wdollar-in-identifier-extension]
C/C++:   174 |   dispatchEvent("transitionProgress", [$event=std::move($event)](jsi::Runtime &runtime) {
C/C++:       |                                                         ^
C/C++: /Users/pavan/Documents/klatchup/klatchup/node_modules/react-native-screens/android/build/generated/source/codegen/jni/react/renderer/components/rnscreens/EventEmitters.cpp:175:10: warning: '$' in identifier [-Wdollar-in-identifier-extension]
C/C++:   175 |     auto $payload = jsi::Object(runtime);
C/C++:       |          ^
C/C++: /Users/pavan/Documents/klatchup/klatchup/node_modules/react-native-screens/android/build/generated/source/codegen/jni/react/renderer/components/rnscreens/EventEmitters.cpp:176:5: warning: '$' in identifier [-Wdollar-in-identifier-extension]
C/C++:   176 |     $payload.setProperty(runtime, "progress", $event.progress);
C/C++:       |     ^
C/C++: /Users/pavan/Documents/klatchup/klatchup/node_modules/react-native-screens/android/build/generated/source/codegen/jni/react/renderer/components/rnscreens/EventEmitters.cpp:176:47: warning: '$' in identifier [-Wdollar-in-identifier-extension]
C/C++:   176 |     $payload.setProperty(runtime, "progress", $event.progress);
C/C++:       |                                               ^
C/C++: /Users/pavan/Documents/klatchup/klatchup/node_modules/react-native-screens/android/build/generated/source/codegen/jni/react/renderer/components/rnscreens/EventEmitters.cpp:177:1: warning: '$' in identifier [-Wdollar-in-identifier-extension]
C/C++:   177 | $payload.setProperty(runtime, "closing", $event.closing);
C/C++:       | ^
C/C++: /Users/pavan/Documents/klatchup/klatchup/node_modules/react-native-screens/android/build/generated/source/codegen/jni/react/renderer/components/rnscreens/EventEmitters.cpp:177:42: warning: '$' in identifier [-Wdollar-in-identifier-extension]
C/C++:   177 | $payload.setProperty(runtime, "closing", $event.closing);
C/C++:       |                                          ^
C/C++: /Users/pavan/Documents/klatchup/klatchup/node_modules/react-native-screens/android/build/generated/source/codegen/jni/react/renderer/components/rnscreens/EventEmitters.cpp:178:1: warning: '$' in identifier [-Wdollar-in-identifier-extension]
C/C++:   178 | $payload.setProperty(runtime, "goingForward", $event.goingForward);
C/C++:       | ^
C/C++: /Users/pavan/Documents/klatchup/klatchup/node_modules/react-native-screens/android/build/generated/source/codegen/jni/react/renderer/components/rnscreens/EventEmitters.cpp:178:47: warning: '$' in identifier [-Wdollar-in-identifier-extension]
C/C++:   178 | $payload.setProperty(runtime, "goingForward", $event.goingForward);
C/C++:       |                                               ^
C/C++: /Users/pavan/Documents/klatchup/klatchup/node_modules/react-native-screens/android/build/generated/source/codegen/jni/react/renderer/components/rnscreens/EventEmitters.cpp:179:12: warning: '$' in identifier [-Wdollar-in-identifier-extension]
C/C++:   179 |     return $payload;
C/C++:       |            ^
C/C++: /Users/pavan/Documents/klatchup/klatchup/node_modules/react-native-screens/android/build/generated/source/codegen/jni/react/renderer/components/rnscreens/EventEmitters.cpp:184:61: warning: '$' in identifier [-Wdollar-in-identifier-extension]
C/C++:   184 | void RNSScreenEventEmitter::onGestureCancel(OnGestureCancel $event) const {
C/C++:       |                                                             ^
C/C++: /Users/pavan/Documents/klatchup/klatchup/node_modules/react-native-screens/android/build/generated/source/codegen/jni/react/renderer/components/rnscreens/EventEmitters.cpp:186:10: warning: '$' in identifier [-Wdollar-in-identifier-extension]
C/C++:   186 |     auto $payload = jsi::Object(runtime);
C/C++:       |          ^
C/C++: /Users/pavan/Documents/klatchup/klatchup/node_modules/react-native-screens/android/build/generated/source/codegen/jni/react/renderer/components/rnscreens/EventEmitters.cpp:188:12: warning: '$' in identifier [-Wdollar-in-identifier-extension]
C/C++:   188 |     return $payload;
C/C++:       |            ^
C/C++: /Users/pavan/Documents/klatchup/klatchup/node_modules/react-native-screens/android/build/generated/source/codegen/jni/react/renderer/components/rnscreens/EventEmitters.cpp:193:81: warning: '$' in identifier [-Wdollar-in-identifier-extension]
C/C++:   193 | void RNSScreenEventEmitter::onHeaderBackButtonClicked(OnHeaderBackButtonClicked $event) const {
C/C++:       |                                                                                 ^
C/C++: /Users/pavan/Documents/klatchup/klatchup/node_modules/react-native-screens/android/build/generated/source/codegen/jni/react/renderer/components/rnscreens/EventEmitters.cpp:195:10: warning: '$' in identifier [-Wdollar-in-identifier-extension]
C/C++:   195 |     auto $payload = jsi::Object(runtime);
C/C++:       |          ^
C/C++: /Users/pavan/Documents/klatchup/klatchup/node_modules/react-native-screens/android/build/generated/source/codegen/jni/react/renderer/components/rnscreens/EventEmitters.cpp:197:12: warning: '$' in identifier [-Wdollar-in-identifier-extension]
C/C++:   197 |     return $payload;
C/C++:       |            ^
C/C++: /Users/pavan/Documents/klatchup/klatchup/node_modules/react-native-screens/android/build/generated/source/codegen/jni/react/renderer/components/rnscreens/EventEmitters.cpp:203:68: warning: '$' in identifier [-Wdollar-in-identifier-extension]
C/C++:   203 | void RNSScreenStackHeaderConfigEventEmitter::onAttached(OnAttached $event) const {
C/C++:       |                                                                    ^
C/C++: /Users/pavan/Documents/klatchup/klatchup/node_modules/react-native-screens/android/build/generated/source/codegen/jni/react/renderer/components/rnscreens/EventEmitters.cpp:205:10: warning: '$' in identifier [-Wdollar-in-identifier-extension]
C/C++:   205 |     auto $payload = jsi::Object(runtime);
C/C++:       |          ^
C/C++: /Users/pavan/Documents/klatchup/klatchup/node_modules/react-native-screens/android/build/generated/source/codegen/jni/react/renderer/components/rnscreens/EventEmitters.cpp:207:12: warning: '$' in identifier [-Wdollar-in-identifier-extension]
C/C++:   207 |     return $payload;
C/C++:       |            ^
C/C++: /Users/pavan/Documents/klatchup/klatchup/node_modules/react-native-screens/android/build/generated/source/codegen/jni/react/renderer/components/rnscreens/EventEmitters.cpp:212:68: warning: '$' in identifier [-Wdollar-in-identifier-extension]
C/C++:   212 | void RNSScreenStackHeaderConfigEventEmitter::onDetached(OnDetached $event) const {
C/C++:       |                                                                    ^
C/C++: /Users/pavan/Documents/klatchup/klatchup/node_modules/react-native-screens/android/build/generated/source/codegen/jni/react/renderer/components/rnscreens/EventEmitters.cpp:214:10: warning: '$' in identifier [-Wdollar-in-identifier-extension]
C/C++:   214 |     auto $payload = jsi::Object(runtime);
C/C++:       |          ^
C/C++: /Users/pavan/Documents/klatchup/klatchup/node_modules/react-native-screens/android/build/generated/source/codegen/jni/react/renderer/components/rnscreens/EventEmitters.cpp:216:12: warning: '$' in identifier [-Wdollar-in-identifier-extension]
C/C++:   216 |     return $payload;
C/C++:       |            ^
C/C++: /Users/pavan/Documents/klatchup/klatchup/node_modules/react-native-screens/android/build/generated/source/codegen/jni/react/renderer/components/rnscreens/EventEmitters.cpp:222:78: warning: '$' in identifier [-Wdollar-in-identifier-extension]
C/C++:   222 | void RNSScreenStackEventEmitter::onFinishTransitioning(OnFinishTransitioning $event) const {
C/C++:       |                                                                              ^
C/C++: /Users/pavan/Documents/klatchup/klatchup/node_modules/react-native-screens/android/build/generated/source/codegen/jni/react/renderer/components/rnscreens/EventEmitters.cpp:224:10: warning: '$' in identifier [-Wdollar-in-identifier-extension]
C/C++:   224 |     auto $payload = jsi::Object(runtime);
C/C++:       |          ^
C/C++: /Users/pavan/Documents/klatchup/klatchup/node_modules/react-native-screens/android/build/generated/source/codegen/jni/react/renderer/components/rnscreens/EventEmitters.cpp:226:12: warning: '$' in identifier [-Wdollar-in-identifier-extension]
C/C++:   226 |     return $payload;
C/C++:       |            ^
C/C++: /Users/pavan/Documents/klatchup/klatchup/node_modules/react-native-screens/android/build/generated/source/codegen/jni/react/renderer/components/rnscreens/EventEmitters.cpp:231:60: warning: '$' in identifier [-Wdollar-in-identifier-extension]
C/C++:   231 | void RNSSearchBarEventEmitter::onSearchFocus(OnSearchFocus $event) const {
C/C++:       |                                                            ^
C/C++: /Users/pavan/Documents/klatchup/klatchup/node_modules/react-native-screens/android/build/generated/source/codegen/jni/react/renderer/components/rnscreens/EventEmitters.cpp:233:10: warning: '$' in identifier [-Wdollar-in-identifier-extension]
C/C++:   233 |     auto $payload = jsi::Object(runtime);
C/C++:       |          ^
C/C++: /Users/pavan/Documents/klatchup/klatchup/node_modules/react-native-screens/android/build/generated/source/codegen/jni/react/renderer/components/rnscreens/EventEmitters.cpp:235:12: warning: '$' in identifier [-Wdollar-in-identifier-extension]
C/C++:   235 |     return $payload;
C/C++:       |            ^
C/C++: /Users/pavan/Documents/klatchup/klatchup/node_modules/react-native-screens/android/build/generated/source/codegen/jni/react/renderer/components/rnscreens/EventEmitters.cpp:240:58: warning: '$' in identifier [-Wdollar-in-identifier-extension]
C/C++:   240 | void RNSSearchBarEventEmitter::onSearchBlur(OnSearchBlur $event) const {
C/C++:       |                                                          ^
C/C++: /Users/pavan/Documents/klatchup/klatchup/node_modules/react-native-screens/android/build/generated/source/codegen/jni/react/renderer/components/rnscreens/EventEmitters.cpp:242:10: warning: '$' in identifier [-Wdollar-in-identifier-extension]
C/C++:   242 |     auto $payload = jsi::Object(runtime);
C/C++:       |          ^
C/C++: /Users/pavan/Documents/klatchup/klatchup/node_modules/react-native-screens/android/build/generated/source/codegen/jni/react/renderer/components/rnscreens/EventEmitters.cpp:244:12: warning: '$' in identifier [-Wdollar-in-identifier-extension]
C/C++:   244 |     return $payload;
C/C++:       |            ^
C/C++: /Users/pavan/Documents/klatchup/klatchup/node_modules/react-native-screens/android/build/generated/source/codegen/jni/react/renderer/components/rnscreens/EventEmitters.cpp:249:72: warning: '$' in identifier [-Wdollar-in-identifier-extension]
C/C++:   249 | void RNSSearchBarEventEmitter::onSearchButtonPress(OnSearchButtonPress $event) const {
C/C++:       |                                                                        ^
C/C++: /Users/pavan/Documents/klatchup/klatchup/node_modules/react-native-screens/android/build/generated/source/codegen/jni/react/renderer/components/rnscreens/EventEmitters.cpp:250:39: warning: '$' in identifier [-Wdollar-in-identifier-extension]
C/C++:   250 |   dispatchEvent("searchButtonPress", [$event=std::move($event)](jsi::Runtime &runtime) {
C/C++:       |                                       ^
C/C++: /Users/pavan/Documents/klatchup/klatchup/node_modules/react-native-screens/android/build/generated/source/codegen/jni/react/renderer/components/rnscreens/EventEmitters.cpp:250:56: warning: '$' in identifier [-Wdollar-in-identifier-extension]
C/C++:   250 |   dispatchEvent("searchButtonPress", [$event=std::move($event)](jsi::Runtime &runtime) {
C/C++:       |                                                        ^
C/C++: /Users/pavan/Documents/klatchup/klatchup/node_modules/react-native-screens/android/build/generated/source/codegen/jni/react/renderer/components/rnscreens/EventEmitters.cpp:251:10: warning: '$' in identifier [-Wdollar-in-identifier-extension]
C/C++:   251 |     auto $payload = jsi::Object(runtime);
C/C++:       |          ^
C/C++: /Users/pavan/Documents/klatchup/klatchup/node_modules/react-native-screens/android/build/generated/source/codegen/jni/react/renderer/components/rnscreens/EventEmitters.cpp:252:5: warning: '$' in identifier [-Wdollar-in-identifier-extension]
C/C++:   252 |     $payload.setProperty(runtime, "text", $event.text);
C/C++:       |     ^
C/C++: /Users/pavan/Documents/klatchup/klatchup/node_modules/react-native-screens/android/build/generated/source/codegen/jni/react/renderer/components/rnscreens/EventEmitters.cpp:252:43: warning: '$' in identifier [-Wdollar-in-identifier-extension]
C/C++:   252 |     $payload.setProperty(runtime, "text", $event.text);
C/C++:       |                                           ^
C/C++: /Users/pavan/Documents/klatchup/klatchup/node_modules/react-native-screens/android/build/generated/source/codegen/jni/react/renderer/components/rnscreens/EventEmitters.cpp:253:12: warning: '$' in identifier [-Wdollar-in-identifier-extension]
C/C++:   253 |     return $payload;
C/C++:       |            ^
C/C++: /Users/pavan/Documents/klatchup/klatchup/node_modules/react-native-screens/android/build/generated/source/codegen/jni/react/renderer/components/rnscreens/EventEmitters.cpp:258:72: warning: '$' in identifier [-Wdollar-in-identifier-extension]
C/C++:   258 | void RNSSearchBarEventEmitter::onCancelButtonPress(OnCancelButtonPress $event) const {
C/C++:       |                                                                        ^
C/C++: /Users/pavan/Documents/klatchup/klatchup/node_modules/react-native-screens/android/build/generated/source/codegen/jni/react/renderer/components/rnscreens/EventEmitters.cpp:260:10: warning: '$' in identifier [-Wdollar-in-identifier-extension]
C/C++:   260 |     auto $payload = jsi::Object(runtime);
C/C++:       |          ^
C/C++: /Users/pavan/Documents/klatchup/klatchup/node_modules/react-native-screens/android/build/generated/source/codegen/jni/react/renderer/components/rnscreens/EventEmitters.cpp:262:12: warning: '$' in identifier [-Wdollar-in-identifier-extension]
C/C++:   262 |     return $payload;
C/C++:       |            ^
C/C++: /Users/pavan/Documents/klatchup/klatchup/node_modules/react-native-screens/android/build/generated/source/codegen/jni/react/renderer/components/rnscreens/EventEmitters.cpp:267:58: warning: '$' in identifier [-Wdollar-in-identifier-extension]
C/C++:   267 | void RNSSearchBarEventEmitter::onChangeText(OnChangeText $event) const {
C/C++:       |                                                          ^
C/C++: /Users/pavan/Documents/klatchup/klatchup/node_modules/react-native-screens/android/build/generated/source/codegen/jni/react/renderer/components/rnscreens/EventEmitters.cpp:268:32: warning: '$' in identifier [-Wdollar-in-identifier-extension]
C/C++:   268 |   dispatchEvent("changeText", [$event=std::move($event)](jsi::Runtime &runtime) {
C/C++:       |                                ^
C/C++: /Users/pavan/Documents/klatchup/klatchup/node_modules/react-native-screens/android/build/generated/source/codegen/jni/react/renderer/components/rnscreens/EventEmitters.cpp:268:49: warning: '$' in identifier [-Wdollar-in-identifier-extension]
C/C++:   268 |   dispatchEvent("changeText", [$event=std::move($event)](jsi::Runtime &runtime) {
C/C++:       |                                                 ^
C/C++: /Users/pavan/Documents/klatchup/klatchup/node_modules/react-native-screens/android/build/generated/source/codegen/jni/react/renderer/components/rnscreens/EventEmitters.cpp:269:10: warning: '$' in identifier [-Wdollar-in-identifier-extension]
C/C++:   269 |     auto $payload = jsi::Object(runtime);
C/C++:       |          ^
C/C++: /Users/pavan/Documents/klatchup/klatchup/node_modules/react-native-screens/android/build/generated/source/codegen/jni/react/renderer/components/rnscreens/EventEmitters.cpp:270:5: warning: '$' in identifier [-Wdollar-in-identifier-extension]
C/C++:   270 |     $payload.setProperty(runtime, "text", $event.text);
C/C++:       |     ^
C/C++: /Users/pavan/Documents/klatchup/klatchup/node_modules/react-native-screens/android/build/generated/source/codegen/jni/react/renderer/components/rnscreens/EventEmitters.cpp:270:43: warning: '$' in identifier [-Wdollar-in-identifier-extension]
C/C++:   270 |     $payload.setProperty(runtime, "text", $event.text);
C/C++:       |                                           ^
C/C++: /Users/pavan/Documents/klatchup/klatchup/node_modules/react-native-screens/android/build/generated/source/codegen/jni/react/renderer/components/rnscreens/EventEmitters.cpp:271:12: warning: '$' in identifier [-Wdollar-in-identifier-extension]
C/C++:   271 |     return $payload;
C/C++:       |            ^
C/C++: /Users/pavan/Documents/klatchup/klatchup/node_modules/react-native-screens/android/build/generated/source/codegen/jni/react/renderer/components/rnscreens/EventEmitters.cpp:276:48: warning: '$' in identifier [-Wdollar-in-identifier-extension]
C/C++:   276 | void RNSSearchBarEventEmitter::onClose(OnClose $event) const {
C/C++:       |                                                ^
C/C++: /Users/pavan/Documents/klatchup/klatchup/node_modules/react-native-screens/android/build/generated/source/codegen/jni/react/renderer/components/rnscreens/EventEmitters.cpp:278:10: warning: '$' in identifier [-Wdollar-in-identifier-extension]
C/C++:   278 |     auto $payload = jsi::Object(runtime);
C/C++:       |          ^
C/C++: /Users/pavan/Documents/klatchup/klatchup/node_modules/react-native-screens/android/build/generated/source/codegen/jni/react/renderer/components/rnscreens/EventEmitters.cpp:280:12: warning: '$' in identifier [-Wdollar-in-identifier-extension]
C/C++:   280 |     return $payload;
C/C++:       |            ^
C/C++: /Users/pavan/Documents/klatchup/klatchup/node_modules/react-native-screens/android/build/generated/source/codegen/jni/react/renderer/components/rnscreens/EventEmitters.cpp:285:46: warning: '$' in identifier [-Wdollar-in-identifier-extension]
C/C++:   285 | void RNSSearchBarEventEmitter::onOpen(OnOpen $event) const {
C/C++:       |                                              ^
C/C++: /Users/pavan/Documents/klatchup/klatchup/node_modules/react-native-screens/android/build/generated/source/codegen/jni/react/renderer/components/rnscreens/EventEmitters.cpp:287:10: warning: '$' in identifier [-Wdollar-in-identifier-extension]
C/C++:   287 |     auto $payload = jsi::Object(runtime);
C/C++:       |          ^
C/C++: /Users/pavan/Documents/klatchup/klatchup/node_modules/react-native-screens/android/build/generated/source/codegen/jni/react/renderer/components/rnscreens/EventEmitters.cpp:289:12: warning: '$' in identifier [-Wdollar-in-identifier-extension]
C/C++:   289 |     return $payload;
C/C++:       |            ^
C/C++: 138 warnings generated.

> Task :app:configureCMakeDebug[x86]
> Task :app:buildCMakeDebug[x86]
C/C++: ninja: Entering directory `/Users/pavan/Documents/klatchup/klatchup/android/app/.cxx/Debug/3i551o4n/x86'
C/C++: /Users/pavan/Documents/klatchup/klatchup/node_modules/react-native-safe-area-context/android/build/generated/source/codegen/jni/react/renderer/components/safeareacontext/EventEmitters.cpp:16:69: warning: '$' in identifier [-Wdollar-in-identifier-extension]
C/C++:    16 | void RNCSafeAreaProviderEventEmitter::onInsetsChange(OnInsetsChange $event) const {
C/C++:       |                                                                     ^
C/C++: /Users/pavan/Documents/klatchup/klatchup/node_modules/react-native-safe-area-context/android/build/generated/source/codegen/jni/react/renderer/components/safeareacontext/EventEmitters.cpp:17:34: warning: '$' in identifier [-Wdollar-in-identifier-extension]
C/C++:    17 |   dispatchEvent("insetsChange", [$event=std::move($event)](jsi::Runtime &runtime) {
C/C++:       |                                  ^
C/C++: /Users/pavan/Documents/klatchup/klatchup/node_modules/react-native-safe-area-context/android/build/generated/source/codegen/jni/react/renderer/components/safeareacontext/EventEmitters.cpp:17:51: warning: '$' in identifier [-Wdollar-in-identifier-extension]
C/C++:    17 |   dispatchEvent("insetsChange", [$event=std::move($event)](jsi::Runtime &runtime) {
C/C++:       |                                                   ^
C/C++: /Users/pavan/Documents/klatchup/klatchup/node_modules/react-native-safe-area-context/android/build/generated/source/codegen/jni/react/renderer/components/safeareacontext/EventEmitters.cpp:18:10: warning: '$' in identifier [-Wdollar-in-identifier-extension]
C/C++:    18 |     auto $payload = jsi::Object(runtime);
C/C++:       |          ^
C/C++: /Users/pavan/Documents/klatchup/klatchup/node_modules/react-native-safe-area-context/android/build/generated/source/codegen/jni/react/renderer/components/safeareacontext/EventEmitters.cpp:21:38: warning: '$' in identifier [-Wdollar-in-identifier-extension]
C/C++:    21 |   insets.setProperty(runtime, "top", $event.insets.top);
C/C++:       |                                      ^
C/C++: /Users/pavan/Documents/klatchup/klatchup/node_modules/react-native-safe-area-context/android/build/generated/source/codegen/jni/react/renderer/components/safeareacontext/EventEmitters.cpp:22:40: warning: '$' in identifier [-Wdollar-in-identifier-extension]
C/C++:    22 |   insets.setProperty(runtime, "right", $event.insets.right);
C/C++:       |                                        ^
C/C++: /Users/pavan/Documents/klatchup/klatchup/node_modules/react-native-safe-area-context/android/build/generated/source/codegen/jni/react/renderer/components/safeareacontext/EventEmitters.cpp:23:41: warning: '$' in identifier [-Wdollar-in-identifier-extension]
C/C++:    23 |   insets.setProperty(runtime, "bottom", $event.insets.bottom);
C/C++:       |                                         ^
C/C++: /Users/pavan/Documents/klatchup/klatchup/node_modules/react-native-safe-area-context/android/build/generated/source/codegen/jni/react/renderer/components/safeareacontext/EventEmitters.cpp:24:39: warning: '$' in identifier [-Wdollar-in-identifier-extension]
C/C++:    24 |   insets.setProperty(runtime, "left", $event.insets.left);
C/C++:       |                                       ^
C/C++: /Users/pavan/Documents/klatchup/klatchup/node_modules/react-native-safe-area-context/android/build/generated/source/codegen/jni/react/renderer/components/safeareacontext/EventEmitters.cpp:25:3: warning: '$' in identifier [-Wdollar-in-identifier-extension]
C/C++:    25 |   $payload.setProperty(runtime, "insets", insets);
C/C++:       |   ^
C/C++: /Users/pavan/Documents/klatchup/klatchup/node_modules/react-native-safe-area-context/android/build/generated/source/codegen/jni/react/renderer/components/safeareacontext/EventEmitters.cpp:29:35: warning: '$' in identifier [-Wdollar-in-identifier-extension]
C/C++:    29 |   frame.setProperty(runtime, "x", $event.frame.x);
C/C++:       |                                   ^
C/C++: /Users/pavan/Documents/klatchup/klatchup/node_modules/react-native-safe-area-context/android/build/generated/source/codegen/jni/react/renderer/components/safeareacontext/EventEmitters.cpp:30:35: warning: '$' in identifier [-Wdollar-in-identifier-extension]
C/C++:    30 |   frame.setProperty(runtime, "y", $event.frame.y);
C/C++:       |                                   ^
C/C++: /Users/pavan/Documents/klatchup/klatchup/node_modules/react-native-safe-area-context/android/build/generated/source/codegen/jni/react/renderer/components/safeareacontext/EventEmitters.cpp:31:39: warning: '$' in identifier [-Wdollar-in-identifier-extension]
C/C++:    31 |   frame.setProperty(runtime, "width", $event.frame.width);
C/C++:       |                                       ^
C/C++: /Users/pavan/Documents/klatchup/klatchup/node_modules/react-native-safe-area-context/android/build/generated/source/codegen/jni/react/renderer/components/safeareacontext/EventEmitters.cpp:32:40: warning: '$' in identifier [-Wdollar-in-identifier-extension]
C/C++:    32 |   frame.setProperty(runtime, "height", $event.frame.height);
C/C++:       |                                        ^
C/C++: /Users/pavan/Documents/klatchup/klatchup/node_modules/react-native-safe-area-context/android/build/generated/source/codegen/jni/react/renderer/components/safeareacontext/EventEmitters.cpp:33:3: warning: '$' in identifier [-Wdollar-in-identifier-extension]
C/C++:    33 |   $payload.setProperty(runtime, "frame", frame);
C/C++:       |   ^
C/C++: /Users/pavan/Documents/klatchup/klatchup/node_modules/react-native-safe-area-context/android/build/generated/source/codegen/jni/react/renderer/components/safeareacontext/EventEmitters.cpp:35:12: warning: '$' in identifier [-Wdollar-in-identifier-extension]
C/C++:    35 |     return $payload;
C/C++:       |            ^
C/C++: 15 warnings generated.
C/C++: /Users/pavan/Documents/klatchup/klatchup/node_modules/react-native-screens/android/build/generated/source/codegen/jni/react/renderer/components/rnscreens/EventEmitters.cpp:17:52: warning: '$' in identifier [-Wdollar-in-identifier-extension]
C/C++:    17 | void RNSModalScreenEventEmitter::onAppear(OnAppear $event) const {
C/C++:       |                                                    ^
C/C++: /Users/pavan/Documents/klatchup/klatchup/node_modules/react-native-screens/android/build/generated/source/codegen/jni/react/renderer/components/rnscreens/EventEmitters.cpp:19:10: warning: '$' in identifier [-Wdollar-in-identifier-extension]
C/C++:    19 |     auto $payload = jsi::Object(runtime);
C/C++:       |          ^
C/C++: /Users/pavan/Documents/klatchup/klatchup/node_modules/react-native-screens/android/build/generated/source/codegen/jni/react/renderer/components/rnscreens/EventEmitters.cpp:21:12: warning: '$' in identifier [-Wdollar-in-identifier-extension]
C/C++:    21 |     return $payload;
C/C++:       |            ^
C/C++: /Users/pavan/Documents/klatchup/klatchup/node_modules/react-native-screens/android/build/generated/source/codegen/jni/react/renderer/components/rnscreens/EventEmitters.cpp:26:58: warning: '$' in identifier [-Wdollar-in-identifier-extension]
C/C++:    26 | void RNSModalScreenEventEmitter::onDisappear(OnDisappear $event) const {
C/C++:       |                                                          ^
C/C++: /Users/pavan/Documents/klatchup/klatchup/node_modules/react-native-screens/android/build/generated/source/codegen/jni/react/renderer/components/rnscreens/EventEmitters.cpp:28:10: warning: '$' in identifier [-Wdollar-in-identifier-extension]
C/C++:    28 |     auto $payload = jsi::Object(runtime);
C/C++:       |          ^
C/C++: /Users/pavan/Documents/klatchup/klatchup/node_modules/react-native-screens/android/build/generated/source/codegen/jni/react/renderer/components/rnscreens/EventEmitters.cpp:30:12: warning: '$' in identifier [-Wdollar-in-identifier-extension]
C/C++:    30 |     return $payload;
C/C++:       |            ^
C/C++: /Users/pavan/Documents/klatchup/klatchup/node_modules/react-native-screens/android/build/generated/source/codegen/jni/react/renderer/components/rnscreens/EventEmitters.cpp:35:58: warning: '$' in identifier [-Wdollar-in-identifier-extension]
C/C++:    35 | void RNSModalScreenEventEmitter::onDismissed(OnDismissed $event) const {
C/C++:       |                                                          ^
C/C++: /Users/pavan/Documents/klatchup/klatchup/node_modules/react-native-screens/android/build/generated/source/codegen/jni/react/renderer/components/rnscreens/EventEmitters.cpp:36:31: warning: '$' in identifier [-Wdollar-in-identifier-extension]
C/C++:    36 |   dispatchEvent("dismissed", [$event=std::move($event)](jsi::Runtime &runtime) {
C/C++:       |                               ^
C/C++: /Users/pavan/Documents/klatchup/klatchup/node_modules/react-native-screens/android/build/generated/source/codegen/jni/react/renderer/components/rnscreens/EventEmitters.cpp:36:48: warning: '$' in identifier [-Wdollar-in-identifier-extension]
C/C++:    36 |   dispatchEvent("dismissed", [$event=std::move($event)](jsi::Runtime &runtime) {
C/C++:       |                                                ^
C/C++: /Users/pavan/Documents/klatchup/klatchup/node_modules/react-native-screens/android/build/generated/source/codegen/jni/react/renderer/components/rnscreens/EventEmitters.cpp:37:10: warning: '$' in identifier [-Wdollar-in-identifier-extension]
C/C++:    37 |     auto $payload = jsi::Object(runtime);
C/C++:       |          ^
C/C++: /Users/pavan/Documents/klatchup/klatchup/node_modules/react-native-screens/android/build/generated/source/codegen/jni/react/renderer/components/rnscreens/EventEmitters.cpp:38:5: warning: '$' in identifier [-Wdollar-in-identifier-extension]
C/C++:    38 |     $payload.setProperty(runtime, "dismissCount", $event.dismissCount);
C/C++:       |     ^
C/C++: /Users/pavan/Documents/klatchup/klatchup/node_modules/react-native-screens/android/build/generated/source/codegen/jni/react/renderer/components/rnscreens/EventEmitters.cpp:38:51: warning: '$' in identifier [-Wdollar-in-identifier-extension]
C/C++:    38 |     $payload.setProperty(runtime, "dismissCount", $event.dismissCount);
C/C++:       |                                                   ^
C/C++: /Users/pavan/Documents/klatchup/klatchup/node_modules/react-native-screens/android/build/generated/source/codegen/jni/react/renderer/components/rnscreens/EventEmitters.cpp:39:12: warning: '$' in identifier [-Wdollar-in-identifier-extension]
C/C++:    39 |     return $payload;
C/C++:       |            ^
C/C++: /Users/pavan/Documents/klatchup/klatchup/node_modules/react-native-screens/android/build/generated/source/codegen/jni/react/renderer/components/rnscreens/EventEmitters.cpp:44:84: warning: '$' in identifier [-Wdollar-in-identifier-extension]
C/C++:    44 | void RNSModalScreenEventEmitter::onNativeDismissCancelled(OnNativeDismissCancelled $event) const {
C/C++:       |                                                                                    ^
C/C++: /Users/pavan/Documents/klatchup/klatchup/node_modules/react-native-screens/android/build/generated/source/codegen/jni/react/renderer/components/rnscreens/EventEmitters.cpp:45:44: warning: '$' in identifier [-Wdollar-in-identifier-extension]
C/C++:    45 |   dispatchEvent("nativeDismissCancelled", [$event=std::move($event)](jsi::Runtime &runtime) {
C/C++:       |                                            ^
C/C++: /Users/pavan/Documents/klatchup/klatchup/node_modules/react-native-screens/android/build/generated/source/codegen/jni/react/renderer/components/rnscreens/EventEmitters.cpp:45:61: warning: '$' in identifier [-Wdollar-in-identifier-extension]
C/C++:    45 |   dispatchEvent("nativeDismissCancelled", [$event=std::move($event)](jsi::Runtime &runtime) {
C/C++:       |                                                             ^
C/C++: /Users/pavan/Documents/klatchup/klatchup/node_modules/react-native-screens/android/build/generated/source/codegen/jni/react/renderer/components/rnscreens/EventEmitters.cpp:46:10: warning: '$' in identifier [-Wdollar-in-identifier-extension]
C/C++:    46 |     auto $payload = jsi::Object(runtime);
C/C++:       |          ^
C/C++: /Users/pavan/Documents/klatchup/klatchup/node_modules/react-native-screens/android/build/generated/source/codegen/jni/react/renderer/components/rnscreens/EventEmitters.cpp:47:5: warning: '$' in identifier [-Wdollar-in-identifier-extension]
C/C++:    47 |     $payload.setProperty(runtime, "dismissCount", $event.dismissCount);
C/C++:       |     ^
C/C++: /Users/pavan/Documents/klatchup/klatchup/node_modules/react-native-screens/android/build/generated/source/codegen/jni/react/renderer/components/rnscreens/EventEmitters.cpp:47:51: warning: '$' in identifier [-Wdollar-in-identifier-extension]
C/C++:    47 |     $payload.setProperty(runtime, "dismissCount", $event.dismissCount);
C/C++:       |                                                   ^
C/C++: /Users/pavan/Documents/klatchup/klatchup/node_modules/react-native-screens/android/build/generated/source/codegen/jni/react/renderer/components/rnscreens/EventEmitters.cpp:48:12: warning: '$' in identifier [-Wdollar-in-identifier-extension]
C/C++:    48 |     return $payload;
C/C++:       |            ^
C/C++: /Users/pavan/Documents/klatchup/klatchup/node_modules/react-native-screens/android/build/generated/source/codegen/jni/react/renderer/components/rnscreens/EventEmitters.cpp:53:60: warning: '$' in identifier [-Wdollar-in-identifier-extension]
C/C++:    53 | void RNSModalScreenEventEmitter::onWillAppear(OnWillAppear $event) const {
C/C++:       |                                                            ^
C/C++: /Users/pavan/Documents/klatchup/klatchup/node_modules/react-native-screens/android/build/generated/source/codegen/jni/react/renderer/components/rnscreens/EventEmitters.cpp:55:10: warning: '$' in identifier [-Wdollar-in-identifier-extension]
C/C++:    55 |     auto $payload = jsi::Object(runtime);
C/C++:       |          ^
C/C++: /Users/pavan/Documents/klatchup/klatchup/node_modules/react-native-screens/android/build/generated/source/codegen/jni/react/renderer/components/rnscreens/EventEmitters.cpp:57:12: warning: '$' in identifier [-Wdollar-in-identifier-extension]
C/C++:    57 |     return $payload;
C/C++:       |            ^
C/C++: /Users/pavan/Documents/klatchup/klatchup/node_modules/react-native-screens/android/build/generated/source/codegen/jni/react/renderer/components/rnscreens/EventEmitters.cpp:62:66: warning: '$' in identifier [-Wdollar-in-identifier-extension]
C/C++:    62 | void RNSModalScreenEventEmitter::onWillDisappear(OnWillDisappear $event) const {
C/C++:       |                                                                  ^
C/C++: /Users/pavan/Documents/klatchup/klatchup/node_modules/react-native-screens/android/build/generated/source/codegen/jni/react/renderer/components/rnscreens/EventEmitters.cpp:64:10: warning: '$' in identifier [-Wdollar-in-identifier-extension]
C/C++:    64 |     auto $payload = jsi::Object(runtime);
C/C++:       |          ^
C/C++: /Users/pavan/Documents/klatchup/klatchup/node_modules/react-native-screens/android/build/generated/source/codegen/jni/react/renderer/components/rnscreens/EventEmitters.cpp:66:12: warning: '$' in identifier [-Wdollar-in-identifier-extension]
C/C++:    66 |     return $payload;
C/C++:       |            ^
C/C++: /Users/pavan/Documents/klatchup/klatchup/node_modules/react-native-screens/android/build/generated/source/codegen/jni/react/renderer/components/rnscreens/EventEmitters.cpp:71:76: warning: '$' in identifier [-Wdollar-in-identifier-extension]
C/C++:    71 | void RNSModalScreenEventEmitter::onHeaderHeightChange(OnHeaderHeightChange $event) const {
C/C++:       |                                                                            ^
C/C++: /Users/pavan/Documents/klatchup/klatchup/node_modules/react-native-screens/android/build/generated/source/codegen/jni/react/renderer/components/rnscreens/EventEmitters.cpp:72:40: warning: '$' in identifier [-Wdollar-in-identifier-extension]
C/C++:    72 |   dispatchEvent("headerHeightChange", [$event=std::move($event)](jsi::Runtime &runtime) {
C/C++:       |                                        ^
C/C++: /Users/pavan/Documents/klatchup/klatchup/node_modules/react-native-screens/android/build/generated/source/codegen/jni/react/renderer/components/rnscreens/EventEmitters.cpp:72:57: warning: '$' in identifier [-Wdollar-in-identifier-extension]
C/C++:    72 |   dispatchEvent("headerHeightChange", [$event=std::move($event)](jsi::Runtime &runtime) {
C/C++:       |                                                         ^
C/C++: /Users/pavan/Documents/klatchup/klatchup/node_modules/react-native-screens/android/build/generated/source/codegen/jni/react/renderer/components/rnscreens/EventEmitters.cpp:73:10: warning: '$' in identifier [-Wdollar-in-identifier-extension]
C/C++:    73 |     auto $payload = jsi::Object(runtime);
C/C++:       |          ^
C/C++: /Users/pavan/Documents/klatchup/klatchup/node_modules/react-native-screens/android/build/generated/source/codegen/jni/react/renderer/components/rnscreens/EventEmitters.cpp:74:5: warning: '$' in identifier [-Wdollar-in-identifier-extension]
C/C++:    74 |     $payload.setProperty(runtime, "headerHeight", $event.headerHeight);
C/C++:       |     ^
C/C++: /Users/pavan/Documents/klatchup/klatchup/node_modules/react-native-screens/android/build/generated/source/codegen/jni/react/renderer/components/rnscreens/EventEmitters.cpp:74:51: warning: '$' in identifier [-Wdollar-in-identifier-extension]
C/C++:    74 |     $payload.setProperty(runtime, "headerHeight", $event.headerHeight);
C/C++:       |                                                   ^
C/C++: /Users/pavan/Documents/klatchup/klatchup/node_modules/react-native-screens/android/build/generated/source/codegen/jni/react/renderer/components/rnscreens/EventEmitters.cpp:75:12: warning: '$' in identifier [-Wdollar-in-identifier-extension]
C/C++:    75 |     return $payload;
C/C++:       |            ^
C/C++: /Users/pavan/Documents/klatchup/klatchup/node_modules/react-native-screens/android/build/generated/source/codegen/jni/react/renderer/components/rnscreens/EventEmitters.cpp:80:76: warning: '$' in identifier [-Wdollar-in-identifier-extension]
C/C++:    80 | void RNSModalScreenEventEmitter::onTransitionProgress(OnTransitionProgress $event) const {
C/C++:       |                                                                            ^
C/C++: /Users/pavan/Documents/klatchup/klatchup/node_modules/react-native-screens/android/build/generated/source/codegen/jni/react/renderer/components/rnscreens/EventEmitters.cpp:81:40: warning: '$' in identifier [-Wdollar-in-identifier-extension]
C/C++:    81 |   dispatchEvent("transitionProgress", [$event=std::move($event)](jsi::Runtime &runtime) {
C/C++:       |                                        ^
C/C++: /Users/pavan/Documents/klatchup/klatchup/node_modules/react-native-screens/android/build/generated/source/codegen/jni/react/renderer/components/rnscreens/EventEmitters.cpp:81:57: warning: '$' in identifier [-Wdollar-in-identifier-extension]
C/C++:    81 |   dispatchEvent("transitionProgress", [$event=std::move($event)](jsi::Runtime &runtime) {
C/C++:       |                                                         ^
C/C++: /Users/pavan/Documents/klatchup/klatchup/node_modules/react-native-screens/android/build/generated/source/codegen/jni/react/renderer/components/rnscreens/EventEmitters.cpp:82:10: warning: '$' in identifier [-Wdollar-in-identifier-extension]
C/C++:    82 |     auto $payload = jsi::Object(runtime);
C/C++:       |          ^
C/C++: /Users/pavan/Documents/klatchup/klatchup/node_modules/react-native-screens/android/build/generated/source/codegen/jni/react/renderer/components/rnscreens/EventEmitters.cpp:83:5: warning: '$' in identifier [-Wdollar-in-identifier-extension]
C/C++:    83 |     $payload.setProperty(runtime, "progress", $event.progress);
C/C++:       |     ^
C/C++: /Users/pavan/Documents/klatchup/klatchup/node_modules/react-native-screens/android/build/generated/source/codegen/jni/react/renderer/components/rnscreens/EventEmitters.cpp:83:47: warning: '$' in identifier [-Wdollar-in-identifier-extension]
C/C++:    83 |     $payload.setProperty(runtime, "progress", $event.progress);
C/C++:       |                                               ^
C/C++: /Users/pavan/Documents/klatchup/klatchup/node_modules/react-native-screens/android/build/generated/source/codegen/jni/react/renderer/components/rnscreens/EventEmitters.cpp:84:1: warning: '$' in identifier [-Wdollar-in-identifier-extension]
C/C++:    84 | $payload.setProperty(runtime, "closing", $event.closing);
C/C++:       | ^
C/C++: /Users/pavan/Documents/klatchup/klatchup/node_modules/react-native-screens/android/build/generated/source/codegen/jni/react/renderer/components/rnscreens/EventEmitters.cpp:84:42: warning: '$' in identifier [-Wdollar-in-identifier-extension]
C/C++:    84 | $payload.setProperty(runtime, "closing", $event.closing);
C/C++:       |                                          ^
C/C++: /Users/pavan/Documents/klatchup/klatchup/node_modules/react-native-screens/android/build/generated/source/codegen/jni/react/renderer/components/rnscreens/EventEmitters.cpp:85:1: warning: '$' in identifier [-Wdollar-in-identifier-extension]
C/C++:    85 | $payload.setProperty(runtime, "goingForward", $event.goingForward);
C/C++:       | ^
C/C++: /Users/pavan/Documents/klatchup/klatchup/node_modules/react-native-screens/android/build/generated/source/codegen/jni/react/renderer/components/rnscreens/EventEmitters.cpp:85:47: warning: '$' in identifier [-Wdollar-in-identifier-extension]
C/C++:    85 | $payload.setProperty(runtime, "goingForward", $event.goingForward);
C/C++:       |                                               ^
C/C++: /Users/pavan/Documents/klatchup/klatchup/node_modules/react-native-screens/android/build/generated/source/codegen/jni/react/renderer/components/rnscreens/EventEmitters.cpp:86:12: warning: '$' in identifier [-Wdollar-in-identifier-extension]
C/C++:    86 |     return $payload;
C/C++:       |            ^
C/C++: /Users/pavan/Documents/klatchup/klatchup/node_modules/react-native-screens/android/build/generated/source/codegen/jni/react/renderer/components/rnscreens/EventEmitters.cpp:91:66: warning: '$' in identifier [-Wdollar-in-identifier-extension]
C/C++:    91 | void RNSModalScreenEventEmitter::onGestureCancel(OnGestureCancel $event) const {
C/C++:       |                                                                  ^
C/C++: /Users/pavan/Documents/klatchup/klatchup/node_modules/react-native-screens/android/build/generated/source/codegen/jni/react/renderer/components/rnscreens/EventEmitters.cpp:93:10: warning: '$' in identifier [-Wdollar-in-identifier-extension]
C/C++:    93 |     auto $payload = jsi::Object(runtime);
C/C++:       |          ^
C/C++: /Users/pavan/Documents/klatchup/klatchup/node_modules/react-native-screens/android/build/generated/source/codegen/jni/react/renderer/components/rnscreens/EventEmitters.cpp:95:12: warning: '$' in identifier [-Wdollar-in-identifier-extension]
C/C++:    95 |     return $payload;
C/C++:       |            ^
C/C++: /Users/pavan/Documents/klatchup/klatchup/node_modules/react-native-screens/android/build/generated/source/codegen/jni/react/renderer/components/rnscreens/EventEmitters.cpp:100:86: warning: '$' in identifier [-Wdollar-in-identifier-extension]
C/C++:   100 | void RNSModalScreenEventEmitter::onHeaderBackButtonClicked(OnHeaderBackButtonClicked $event) const {
C/C++:       |                                                                                      ^
C/C++: /Users/pavan/Documents/klatchup/klatchup/node_modules/react-native-screens/android/build/generated/source/codegen/jni/react/renderer/components/rnscreens/EventEmitters.cpp:102:10: warning: '$' in identifier [-Wdollar-in-identifier-extension]
C/C++:   102 |     auto $payload = jsi::Object(runtime);
C/C++:       |          ^
C/C++: /Users/pavan/Documents/klatchup/klatchup/node_modules/react-native-screens/android/build/generated/source/codegen/jni/react/renderer/components/rnscreens/EventEmitters.cpp:104:12: warning: '$' in identifier [-Wdollar-in-identifier-extension]
C/C++:   104 |     return $payload;
C/C++:       |            ^
C/C++: /Users/pavan/Documents/klatchup/klatchup/node_modules/react-native-screens/android/build/generated/source/codegen/jni/react/renderer/components/rnscreens/EventEmitters.cpp:110:47: warning: '$' in identifier [-Wdollar-in-identifier-extension]
C/C++:   110 | void RNSScreenEventEmitter::onAppear(OnAppear $event) const {
C/C++:       |                                               ^
C/C++: /Users/pavan/Documents/klatchup/klatchup/node_modules/react-native-screens/android/build/generated/source/codegen/jni/react/renderer/components/rnscreens/EventEmitters.cpp:112:10: warning: '$' in identifier [-Wdollar-in-identifier-extension]
C/C++:   112 |     auto $payload = jsi::Object(runtime);
C/C++:       |          ^
C/C++: /Users/pavan/Documents/klatchup/klatchup/node_modules/react-native-screens/android/build/generated/source/codegen/jni/react/renderer/components/rnscreens/EventEmitters.cpp:114:12: warning: '$' in identifier [-Wdollar-in-identifier-extension]
C/C++:   114 |     return $payload;
C/C++:       |            ^
C/C++: /Users/pavan/Documents/klatchup/klatchup/node_modules/react-native-screens/android/build/generated/source/codegen/jni/react/renderer/components/rnscreens/EventEmitters.cpp:119:53: warning: '$' in identifier [-Wdollar-in-identifier-extension]
C/C++:   119 | void RNSScreenEventEmitter::onDisappear(OnDisappear $event) const {
C/C++:       |                                                     ^
C/C++: /Users/pavan/Documents/klatchup/klatchup/node_modules/react-native-screens/android/build/generated/source/codegen/jni/react/renderer/components/rnscreens/EventEmitters.cpp:121:10: warning: '$' in identifier [-Wdollar-in-identifier-extension]
C/C++:   121 |     auto $payload = jsi::Object(runtime);
C/C++:       |          ^
C/C++: /Users/pavan/Documents/klatchup/klatchup/node_modules/react-native-screens/android/build/generated/source/codegen/jni/react/renderer/components/rnscreens/EventEmitters.cpp:123:12: warning: '$' in identifier [-Wdollar-in-identifier-extension]
C/C++:   123 |     return $payload;
C/C++:       |            ^
C/C++: /Users/pavan/Documents/klatchup/klatchup/node_modules/react-native-screens/android/build/generated/source/codegen/jni/react/renderer/components/rnscreens/EventEmitters.cpp:128:53: warning: '$' in identifier [-Wdollar-in-identifier-extension]
C/C++:   128 | void RNSScreenEventEmitter::onDismissed(OnDismissed $event) const {
C/C++:       |                                                     ^
C/C++: /Users/pavan/Documents/klatchup/klatchup/node_modules/react-native-screens/android/build/generated/source/codegen/jni/react/renderer/components/rnscreens/EventEmitters.cpp:129:31: warning: '$' in identifier [-Wdollar-in-identifier-extension]
C/C++:   129 |   dispatchEvent("dismissed", [$event=std::move($event)](jsi::Runtime &runtime) {
C/C++:       |                               ^
C/C++: /Users/pavan/Documents/klatchup/klatchup/node_modules/react-native-screens/android/build/generated/source/codegen/jni/react/renderer/components/rnscreens/EventEmitters.cpp:129:48: warning: '$' in identifier [-Wdollar-in-identifier-extension]
C/C++:   129 |   dispatchEvent("dismissed", [$event=std::move($event)](jsi::Runtime &runtime) {
C/C++:       |                                                ^
C/C++: /Users/pavan/Documents/klatchup/klatchup/node_modules/react-native-screens/android/build/generated/source/codegen/jni/react/renderer/components/rnscreens/EventEmitters.cpp:130:10: warning: '$' in identifier [-Wdollar-in-identifier-extension]
C/C++:   130 |     auto $payload = jsi::Object(runtime);
C/C++:       |          ^
C/C++: /Users/pavan/Documents/klatchup/klatchup/node_modules/react-native-screens/android/build/generated/source/codegen/jni/react/renderer/components/rnscreens/EventEmitters.cpp:131:5: warning: '$' in identifier [-Wdollar-in-identifier-extension]
C/C++:   131 |     $payload.setProperty(runtime, "dismissCount", $event.dismissCount);
C/C++:       |     ^
C/C++: /Users/pavan/Documents/klatchup/klatchup/node_modules/react-native-screens/android/build/generated/source/codegen/jni/react/renderer/components/rnscreens/EventEmitters.cpp:131:51: warning: '$' in identifier [-Wdollar-in-identifier-extension]
C/C++:   131 |     $payload.setProperty(runtime, "dismissCount", $event.dismissCount);
C/C++:       |                                                   ^
C/C++: /Users/pavan/Documents/klatchup/klatchup/node_modules/react-native-screens/android/build/generated/source/codegen/jni/react/renderer/components/rnscreens/EventEmitters.cpp:132:12: warning: '$' in identifier [-Wdollar-in-identifier-extension]
C/C++:   132 |     return $payload;
C/C++:       |            ^
C/C++: /Users/pavan/Documents/klatchup/klatchup/node_modules/react-native-screens/android/build/generated/source/codegen/jni/react/renderer/components/rnscreens/EventEmitters.cpp:137:79: warning: '$' in identifier [-Wdollar-in-identifier-extension]
C/C++:   137 | void RNSScreenEventEmitter::onNativeDismissCancelled(OnNativeDismissCancelled $event) const {
C/C++:       |                                                                               ^
C/C++: /Users/pavan/Documents/klatchup/klatchup/node_modules/react-native-screens/android/build/generated/source/codegen/jni/react/renderer/components/rnscreens/EventEmitters.cpp:138:44: warning: '$' in identifier [-Wdollar-in-identifier-extension]
C/C++:   138 |   dispatchEvent("nativeDismissCancelled", [$event=std::move($event)](jsi::Runtime &runtime) {
C/C++:       |                                            ^
C/C++: /Users/pavan/Documents/klatchup/klatchup/node_modules/react-native-screens/android/build/generated/source/codegen/jni/react/renderer/components/rnscreens/EventEmitters.cpp:138:61: warning: '$' in identifier [-Wdollar-in-identifier-extension]
C/C++:   138 |   dispatchEvent("nativeDismissCancelled", [$event=std::move($event)](jsi::Runtime &runtime) {
C/C++:       |                                                             ^
C/C++: /Users/pavan/Documents/klatchup/klatchup/node_modules/react-native-screens/android/build/generated/source/codegen/jni/react/renderer/components/rnscreens/EventEmitters.cpp:139:10: warning: '$' in identifier [-Wdollar-in-identifier-extension]
C/C++:   139 |     auto $payload = jsi::Object(runtime);
C/C++:       |          ^
C/C++: /Users/pavan/Documents/klatchup/klatchup/node_modules/react-native-screens/android/build/generated/source/codegen/jni/react/renderer/components/rnscreens/EventEmitters.cpp:140:5: warning: '$' in identifier [-Wdollar-in-identifier-extension]
C/C++:   140 |     $payload.setProperty(runtime, "dismissCount", $event.dismissCount);
C/C++:       |     ^
C/C++: /Users/pavan/Documents/klatchup/klatchup/node_modules/react-native-screens/android/build/generated/source/codegen/jni/react/renderer/components/rnscreens/EventEmitters.cpp:140:51: warning: '$' in identifier [-Wdollar-in-identifier-extension]
C/C++:   140 |     $payload.setProperty(runtime, "dismissCount", $event.dismissCount);
C/C++:       |                                                   ^
C/C++: /Users/pavan/Documents/klatchup/klatchup/node_modules/react-native-screens/android/build/generated/source/codegen/jni/react/renderer/components/rnscreens/EventEmitters.cpp:141:12: warning: '$' in identifier [-Wdollar-in-identifier-extension]
C/C++:   141 |     return $payload;
C/C++:       |            ^
C/C++: /Users/pavan/Documents/klatchup/klatchup/node_modules/react-native-screens/android/build/generated/source/codegen/jni/react/renderer/components/rnscreens/EventEmitters.cpp:146:55: warning: '$' in identifier [-Wdollar-in-identifier-extension]
C/C++:   146 | void RNSScreenEventEmitter::onWillAppear(OnWillAppear $event) const {
C/C++:       |                                                       ^
C/C++: /Users/pavan/Documents/klatchup/klatchup/node_modules/react-native-screens/android/build/generated/source/codegen/jni/react/renderer/components/rnscreens/EventEmitters.cpp:148:10: warning: '$' in identifier [-Wdollar-in-identifier-extension]
C/C++:   148 |     auto $payload = jsi::Object(runtime);
C/C++:       |          ^
C/C++: /Users/pavan/Documents/klatchup/klatchup/node_modules/react-native-screens/android/build/generated/source/codegen/jni/react/renderer/components/rnscreens/EventEmitters.cpp:150:12: warning: '$' in identifier [-Wdollar-in-identifier-extension]
C/C++:   150 |     return $payload;
C/C++:       |            ^
C/C++: /Users/pavan/Documents/klatchup/klatchup/node_modules/react-native-screens/android/build/generated/source/codegen/jni/react/renderer/components/rnscreens/EventEmitters.cpp:155:61: warning: '$' in identifier [-Wdollar-in-identifier-extension]
C/C++:   155 | void RNSScreenEventEmitter::onWillDisappear(OnWillDisappear $event) const {
C/C++:       |                                                             ^
C/C++: /Users/pavan/Documents/klatchup/klatchup/node_modules/react-native-screens/android/build/generated/source/codegen/jni/react/renderer/components/rnscreens/EventEmitters.cpp:157:10: warning: '$' in identifier [-Wdollar-in-identifier-extension]
C/C++:   157 |     auto $payload = jsi::Object(runtime);
C/C++:       |          ^
C/C++: /Users/pavan/Documents/klatchup/klatchup/node_modules/react-native-screens/android/build/generated/source/codegen/jni/react/renderer/components/rnscreens/EventEmitters.cpp:159:12: warning: '$' in identifier [-Wdollar-in-identifier-extension]
C/C++:   159 |     return $payload;
C/C++:       |            ^
C/C++: /Users/pavan/Documents/klatchup/klatchup/node_modules/react-native-screens/android/build/generated/source/codegen/jni/react/renderer/components/rnscreens/EventEmitters.cpp:164:71: warning: '$' in identifier [-Wdollar-in-identifier-extension]
C/C++:   164 | void RNSScreenEventEmitter::onHeaderHeightChange(OnHeaderHeightChange $event) const {
C/C++:       |                                                                       ^
C/C++: /Users/pavan/Documents/klatchup/klatchup/node_modules/react-native-screens/android/build/generated/source/codegen/jni/react/renderer/components/rnscreens/EventEmitters.cpp:165:40: warning: '$' in identifier [-Wdollar-in-identifier-extension]
C/C++:   165 |   dispatchEvent("headerHeightChange", [$event=std::move($event)](jsi::Runtime &runtime) {
C/C++:       |                                        ^
C/C++: /Users/pavan/Documents/klatchup/klatchup/node_modules/react-native-screens/android/build/generated/source/codegen/jni/react/renderer/components/rnscreens/EventEmitters.cpp:165:57: warning: '$' in identifier [-Wdollar-in-identifier-extension]
C/C++:   165 |   dispatchEvent("headerHeightChange", [$event=std::move($event)](jsi::Runtime &runtime) {
C/C++:       |                                                         ^
C/C++: /Users/pavan/Documents/klatchup/klatchup/node_modules/react-native-screens/android/build/generated/source/codegen/jni/react/renderer/components/rnscreens/EventEmitters.cpp:166:10: warning: '$' in identifier [-Wdollar-in-identifier-extension]
C/C++:   166 |     auto $payload = jsi::Object(runtime);
C/C++:       |          ^
C/C++: /Users/pavan/Documents/klatchup/klatchup/node_modules/react-native-screens/android/build/generated/source/codegen/jni/react/renderer/components/rnscreens/EventEmitters.cpp:167:5: warning: '$' in identifier [-Wdollar-in-identifier-extension]
C/C++:   167 |     $payload.setProperty(runtime, "headerHeight", $event.headerHeight);
C/C++:       |     ^
C/C++: /Users/pavan/Documents/klatchup/klatchup/node_modules/react-native-screens/android/build/generated/source/codegen/jni/react/renderer/components/rnscreens/EventEmitters.cpp:167:51: warning: '$' in identifier [-Wdollar-in-identifier-extension]
C/C++:   167 |     $payload.setProperty(runtime, "headerHeight", $event.headerHeight);
C/C++:       |                                                   ^
C/C++: /Users/pavan/Documents/klatchup/klatchup/node_modules/react-native-screens/android/build/generated/source/codegen/jni/react/renderer/components/rnscreens/EventEmitters.cpp:168:12: warning: '$' in identifier [-Wdollar-in-identifier-extension]
C/C++:   168 |     return $payload;
C/C++:       |            ^
C/C++: /Users/pavan/Documents/klatchup/klatchup/node_modules/react-native-screens/android/build/generated/source/codegen/jni/react/renderer/components/rnscreens/EventEmitters.cpp:173:71: warning: '$' in identifier [-Wdollar-in-identifier-extension]
C/C++:   173 | void RNSScreenEventEmitter::onTransitionProgress(OnTransitionProgress $event) const {
C/C++:       |                                                                       ^
C/C++: /Users/pavan/Documents/klatchup/klatchup/node_modules/react-native-screens/android/build/generated/source/codegen/jni/react/renderer/components/rnscreens/EventEmitters.cpp:174:40: warning: '$' in identifier [-Wdollar-in-identifier-extension]
C/C++:   174 |   dispatchEvent("transitionProgress", [$event=std::move($event)](jsi::Runtime &runtime) {
C/C++:       |                                        ^
C/C++: /Users/pavan/Documents/klatchup/klatchup/node_modules/react-native-screens/android/build/generated/source/codegen/jni/react/renderer/components/rnscreens/EventEmitters.cpp:174:57: warning: '$' in identifier [-Wdollar-in-identifier-extension]
C/C++:   174 |   dispatchEvent("transitionProgress", [$event=std::move($event)](jsi::Runtime &runtime) {
C/C++:       |                                                         ^
C/C++: /Users/pavan/Documents/klatchup/klatchup/node_modules/react-native-screens/android/build/generated/source/codegen/jni/react/renderer/components/rnscreens/EventEmitters.cpp:175:10: warning: '$' in identifier [-Wdollar-in-identifier-extension]
C/C++:   175 |     auto $payload = jsi::Object(runtime);
C/C++:       |          ^
C/C++: /Users/pavan/Documents/klatchup/klatchup/node_modules/react-native-screens/android/build/generated/source/codegen/jni/react/renderer/components/rnscreens/EventEmitters.cpp:176:5: warning: '$' in identifier [-Wdollar-in-identifier-extension]
C/C++:   176 |     $payload.setProperty(runtime, "progress", $event.progress);
C/C++:       |     ^
C/C++: /Users/pavan/Documents/klatchup/klatchup/node_modules/react-native-screens/android/build/generated/source/codegen/jni/react/renderer/components/rnscreens/EventEmitters.cpp:176:47: warning: '$' in identifier [-Wdollar-in-identifier-extension]
C/C++:   176 |     $payload.setProperty(runtime, "progress", $event.progress);
C/C++:       |                                               ^
C/C++: /Users/pavan/Documents/klatchup/klatchup/node_modules/react-native-screens/android/build/generated/source/codegen/jni/react/renderer/components/rnscreens/EventEmitters.cpp:177:1: warning: '$' in identifier [-Wdollar-in-identifier-extension]
C/C++:   177 | $payload.setProperty(runtime, "closing", $event.closing);
C/C++:       | ^
C/C++: /Users/pavan/Documents/klatchup/klatchup/node_modules/react-native-screens/android/build/generated/source/codegen/jni/react/renderer/components/rnscreens/EventEmitters.cpp:177:42: warning: '$' in identifier [-Wdollar-in-identifier-extension]
C/C++:   177 | $payload.setProperty(runtime, "closing", $event.closing);
C/C++:       |                                          ^
C/C++: /Users/pavan/Documents/klatchup/klatchup/node_modules/react-native-screens/android/build/generated/source/codegen/jni/react/renderer/components/rnscreens/EventEmitters.cpp:178:1: warning: '$' in identifier [-Wdollar-in-identifier-extension]
C/C++:   178 | $payload.setProperty(runtime, "goingForward", $event.goingForward);
C/C++:       | ^
C/C++: /Users/pavan/Documents/klatchup/klatchup/node_modules/react-native-screens/android/build/generated/source/codegen/jni/react/renderer/components/rnscreens/EventEmitters.cpp:178:47: warning: '$' in identifier [-Wdollar-in-identifier-extension]
C/C++:   178 | $payload.setProperty(runtime, "goingForward", $event.goingForward);
C/C++:       |                                               ^
C/C++: /Users/pavan/Documents/klatchup/klatchup/node_modules/react-native-screens/android/build/generated/source/codegen/jni/react/renderer/components/rnscreens/EventEmitters.cpp:179:12: warning: '$' in identifier [-Wdollar-in-identifier-extension]
C/C++:   179 |     return $payload;
C/C++:       |            ^
C/C++: /Users/pavan/Documents/klatchup/klatchup/node_modules/react-native-screens/android/build/generated/source/codegen/jni/react/renderer/components/rnscreens/EventEmitters.cpp:184:61: warning: '$' in identifier [-Wdollar-in-identifier-extension]
C/C++:   184 | void RNSScreenEventEmitter::onGestureCancel(OnGestureCancel $event) const {
C/C++:       |                                                             ^
C/C++: /Users/pavan/Documents/klatchup/klatchup/node_modules/react-native-screens/android/build/generated/source/codegen/jni/react/renderer/components/rnscreens/EventEmitters.cpp:186:10: warning: '$' in identifier [-Wdollar-in-identifier-extension]
C/C++:   186 |     auto $payload = jsi::Object(runtime);
C/C++:       |          ^
C/C++: /Users/pavan/Documents/klatchup/klatchup/node_modules/react-native-screens/android/build/generated/source/codegen/jni/react/renderer/components/rnscreens/EventEmitters.cpp:188:12: warning: '$' in identifier [-Wdollar-in-identifier-extension]
C/C++:   188 |     return $payload;
C/C++:       |            ^
C/C++: /Users/pavan/Documents/klatchup/klatchup/node_modules/react-native-screens/android/build/generated/source/codegen/jni/react/renderer/components/rnscreens/EventEmitters.cpp:193:81: warning: '$' in identifier [-Wdollar-in-identifier-extension]
C/C++:   193 | void RNSScreenEventEmitter::onHeaderBackButtonClicked(OnHeaderBackButtonClicked $event) const {
C/C++:       |                                                                                 ^
C/C++: /Users/pavan/Documents/klatchup/klatchup/node_modules/react-native-screens/android/build/generated/source/codegen/jni/react/renderer/components/rnscreens/EventEmitters.cpp:195:10: warning: '$' in identifier [-Wdollar-in-identifier-extension]
C/C++:   195 |     auto $payload = jsi::Object(runtime);
C/C++:       |          ^
C/C++: /Users/pavan/Documents/klatchup/klatchup/node_modules/react-native-screens/android/build/generated/source/codegen/jni/react/renderer/components/rnscreens/EventEmitters.cpp:197:12: warning: '$' in identifier [-Wdollar-in-identifier-extension]
C/C++:   197 |     return $payload;
C/C++:       |            ^
C/C++: /Users/pavan/Documents/klatchup/klatchup/node_modules/react-native-screens/android/build/generated/source/codegen/jni/react/renderer/components/rnscreens/EventEmitters.cpp:203:68: warning: '$' in identifier [-Wdollar-in-identifier-extension]
C/C++:   203 | void RNSScreenStackHeaderConfigEventEmitter::onAttached(OnAttached $event) const {
C/C++:       |                                                                    ^
C/C++: /Users/pavan/Documents/klatchup/klatchup/node_modules/react-native-screens/android/build/generated/source/codegen/jni/react/renderer/components/rnscreens/EventEmitters.cpp:205:10: warning: '$' in identifier [-Wdollar-in-identifier-extension]
C/C++:   205 |     auto $payload = jsi::Object(runtime);
C/C++:       |          ^
C/C++: /Users/pavan/Documents/klatchup/klatchup/node_modules/react-native-screens/android/build/generated/source/codegen/jni/react/renderer/components/rnscreens/EventEmitters.cpp:207:12: warning: '$' in identifier [-Wdollar-in-identifier-extension]
C/C++:   207 |     return $payload;
C/C++:       |            ^
C/C++: /Users/pavan/Documents/klatchup/klatchup/node_modules/react-native-screens/android/build/generated/source/codegen/jni/react/renderer/components/rnscreens/EventEmitters.cpp:212:68: warning: '$' in identifier [-Wdollar-in-identifier-extension]
C/C++:   212 | void RNSScreenStackHeaderConfigEventEmitter::onDetached(OnDetached $event) const {
C/C++:       |                                                                    ^
C/C++: /Users/pavan/Documents/klatchup/klatchup/node_modules/react-native-screens/android/build/generated/source/codegen/jni/react/renderer/components/rnscreens/EventEmitters.cpp:214:10: warning: '$' in identifier [-Wdollar-in-identifier-extension]
C/C++:   214 |     auto $payload = jsi::Object(runtime);
C/C++:       |          ^
C/C++: /Users/pavan/Documents/klatchup/klatchup/node_modules/react-native-screens/android/build/generated/source/codegen/jni/react/renderer/components/rnscreens/EventEmitters.cpp:216:12: warning: '$' in identifier [-Wdollar-in-identifier-extension]
C/C++:   216 |     return $payload;
C/C++:       |            ^
C/C++: /Users/pavan/Documents/klatchup/klatchup/node_modules/react-native-screens/android/build/generated/source/codegen/jni/react/renderer/components/rnscreens/EventEmitters.cpp:222:78: warning: '$' in identifier [-Wdollar-in-identifier-extension]
C/C++:   222 | void RNSScreenStackEventEmitter::onFinishTransitioning(OnFinishTransitioning $event) const {
C/C++:       |                                                                              ^
C/C++: /Users/pavan/Documents/klatchup/klatchup/node_modules/react-native-screens/android/build/generated/source/codegen/jni/react/renderer/components/rnscreens/EventEmitters.cpp:224:10: warning: '$' in identifier [-Wdollar-in-identifier-extension]
C/C++:   224 |     auto $payload = jsi::Object(runtime);
C/C++:       |          ^
C/C++: /Users/pavan/Documents/klatchup/klatchup/node_modules/react-native-screens/android/build/generated/source/codegen/jni/react/renderer/components/rnscreens/EventEmitters.cpp:226:12: warning: '$' in identifier [-Wdollar-in-identifier-extension]
C/C++:   226 |     return $payload;
C/C++:       |            ^
C/C++: /Users/pavan/Documents/klatchup/klatchup/node_modules/react-native-screens/android/build/generated/source/codegen/jni/react/renderer/components/rnscreens/EventEmitters.cpp:231:60: warning: '$' in identifier [-Wdollar-in-identifier-extension]
C/C++:   231 | void RNSSearchBarEventEmitter::onSearchFocus(OnSearchFocus $event) const {
C/C++:       |                                                            ^
C/C++: /Users/pavan/Documents/klatchup/klatchup/node_modules/react-native-screens/android/build/generated/source/codegen/jni/react/renderer/components/rnscreens/EventEmitters.cpp:233:10: warning: '$' in identifier [-Wdollar-in-identifier-extension]
C/C++:   233 |     auto $payload = jsi::Object(runtime);
C/C++:       |          ^
C/C++: /Users/pavan/Documents/klatchup/klatchup/node_modules/react-native-screens/android/build/generated/source/codegen/jni/react/renderer/components/rnscreens/EventEmitters.cpp:235:12: warning: '$' in identifier [-Wdollar-in-identifier-extension]
C/C++:   235 |     return $payload;
C/C++:       |            ^
C/C++: /Users/pavan/Documents/klatchup/klatchup/node_modules/react-native-screens/android/build/generated/source/codegen/jni/react/renderer/components/rnscreens/EventEmitters.cpp:240:58: warning: '$' in identifier [-Wdollar-in-identifier-extension]
C/C++:   240 | void RNSSearchBarEventEmitter::onSearchBlur(OnSearchBlur $event) const {
C/C++:       |                                                          ^
C/C++: /Users/pavan/Documents/klatchup/klatchup/node_modules/react-native-screens/android/build/generated/source/codegen/jni/react/renderer/components/rnscreens/EventEmitters.cpp:242:10: warning: '$' in identifier [-Wdollar-in-identifier-extension]
C/C++:   242 |     auto $payload = jsi::Object(runtime);
C/C++:       |          ^
C/C++: /Users/pavan/Documents/klatchup/klatchup/node_modules/react-native-screens/android/build/generated/source/codegen/jni/react/renderer/components/rnscreens/EventEmitters.cpp:244:12: warning: '$' in identifier [-Wdollar-in-identifier-extension]
C/C++:   244 |     return $payload;
C/C++:       |            ^
C/C++: /Users/pavan/Documents/klatchup/klatchup/node_modules/react-native-screens/android/build/generated/source/codegen/jni/react/renderer/components/rnscreens/EventEmitters.cpp:249:72: warning: '$' in identifier [-Wdollar-in-identifier-extension]
C/C++:   249 | void RNSSearchBarEventEmitter::onSearchButtonPress(OnSearchButtonPress $event) const {
C/C++:       |                                                                        ^
C/C++: /Users/pavan/Documents/klatchup/klatchup/node_modules/react-native-screens/android/build/generated/source/codegen/jni/react/renderer/components/rnscreens/EventEmitters.cpp:250:39: warning: '$' in identifier [-Wdollar-in-identifier-extension]
C/C++:   250 |   dispatchEvent("searchButtonPress", [$event=std::move($event)](jsi::Runtime &runtime) {
C/C++:       |                                       ^
C/C++: /Users/pavan/Documents/klatchup/klatchup/node_modules/react-native-screens/android/build/generated/source/codegen/jni/react/renderer/components/rnscreens/EventEmitters.cpp:250:56: warning: '$' in identifier [-Wdollar-in-identifier-extension]
C/C++:   250 |   dispatchEvent("searchButtonPress", [$event=std::move($event)](jsi::Runtime &runtime) {
C/C++:       |                                                        ^
C/C++: /Users/pavan/Documents/klatchup/klatchup/node_modules/react-native-screens/android/build/generated/source/codegen/jni/react/renderer/components/rnscreens/EventEmitters.cpp:251:10: warning: '$' in identifier [-Wdollar-in-identifier-extension]
C/C++:   251 |     auto $payload = jsi::Object(runtime);
C/C++:       |          ^
C/C++: /Users/pavan/Documents/klatchup/klatchup/node_modules/react-native-screens/android/build/generated/source/codegen/jni/react/renderer/components/rnscreens/EventEmitters.cpp:252:5: warning: '$' in identifier [-Wdollar-in-identifier-extension]
C/C++:   252 |     $payload.setProperty(runtime, "text", $event.text);
C/C++:       |     ^
C/C++: /Users/pavan/Documents/klatchup/klatchup/node_modules/react-native-screens/android/build/generated/source/codegen/jni/react/renderer/components/rnscreens/EventEmitters.cpp:252:43: warning: '$' in identifier [-Wdollar-in-identifier-extension]
C/C++:   252 |     $payload.setProperty(runtime, "text", $event.text);
C/C++:       |                                           ^
C/C++: /Users/pavan/Documents/klatchup/klatchup/node_modules/react-native-screens/android/build/generated/source/codegen/jni/react/renderer/components/rnscreens/EventEmitters.cpp:253:12: warning: '$' in identifier [-Wdollar-in-identifier-extension]
C/C++:   253 |     return $payload;
C/C++:       |            ^
C/C++: /Users/pavan/Documents/klatchup/klatchup/node_modules/react-native-screens/android/build/generated/source/codegen/jni/react/renderer/components/rnscreens/EventEmitters.cpp:258:72: warning: '$' in identifier [-Wdollar-in-identifier-extension]
C/C++:   258 | void RNSSearchBarEventEmitter::onCancelButtonPress(OnCancelButtonPress $event) const {
C/C++:       |                                                                        ^
C/C++: /Users/pavan/Documents/klatchup/klatchup/node_modules/react-native-screens/android/build/generated/source/codegen/jni/react/renderer/components/rnscreens/EventEmitters.cpp:260:10: warning: '$' in identifier [-Wdollar-in-identifier-extension]
C/C++:   260 |     auto $payload = jsi::Object(runtime);
C/C++:       |          ^
C/C++: /Users/pavan/Documents/klatchup/klatchup/node_modules/react-native-screens/android/build/generated/source/codegen/jni/react/renderer/components/rnscreens/EventEmitters.cpp:262:12: warning: '$' in identifier [-Wdollar-in-identifier-extension]
C/C++:   262 |     return $payload;
C/C++:       |            ^
C/C++: /Users/pavan/Documents/klatchup/klatchup/node_modules/react-native-screens/android/build/generated/source/codegen/jni/react/renderer/components/rnscreens/EventEmitters.cpp:267:58: warning: '$' in identifier [-Wdollar-in-identifier-extension]
C/C++:   267 | void RNSSearchBarEventEmitter::onChangeText(OnChangeText $event) const {
C/C++:       |                                                          ^
C/C++: /Users/pavan/Documents/klatchup/klatchup/node_modules/react-native-screens/android/build/generated/source/codegen/jni/react/renderer/components/rnscreens/EventEmitters.cpp:268:32: warning: '$' in identifier [-Wdollar-in-identifier-extension]
C/C++:   268 |   dispatchEvent("changeText", [$event=std::move($event)](jsi::Runtime &runtime) {
C/C++:       |                                ^
C/C++: /Users/pavan/Documents/klatchup/klatchup/node_modules/react-native-screens/android/build/generated/source/codegen/jni/react/renderer/components/rnscreens/EventEmitters.cpp:268:49: warning: '$' in identifier [-Wdollar-in-identifier-extension]
C/C++:   268 |   dispatchEvent("changeText", [$event=std::move($event)](jsi::Runtime &runtime) {
C/C++:       |                                                 ^
C/C++: /Users/pavan/Documents/klatchup/klatchup/node_modules/react-native-screens/android/build/generated/source/codegen/jni/react/renderer/components/rnscreens/EventEmitters.cpp:269:10: warning: '$' in identifier [-Wdollar-in-identifier-extension]
C/C++:   269 |     auto $payload = jsi::Object(runtime);
C/C++:       |          ^
C/C++: /Users/pavan/Documents/klatchup/klatchup/node_modules/react-native-screens/android/build/generated/source/codegen/jni/react/renderer/components/rnscreens/EventEmitters.cpp:270:5: warning: '$' in identifier [-Wdollar-in-identifier-extension]
C/C++:   270 |     $payload.setProperty(runtime, "text", $event.text);
C/C++:       |     ^
C/C++: /Users/pavan/Documents/klatchup/klatchup/node_modules/react-native-screens/android/build/generated/source/codegen/jni/react/renderer/components/rnscreens/EventEmitters.cpp:270:43: warning: '$' in identifier [-Wdollar-in-identifier-extension]
C/C++:   270 |     $payload.setProperty(runtime, "text", $event.text);
C/C++:       |                                           ^
C/C++: /Users/pavan/Documents/klatchup/klatchup/node_modules/react-native-screens/android/build/generated/source/codegen/jni/react/renderer/components/rnscreens/EventEmitters.cpp:271:12: warning: '$' in identifier [-Wdollar-in-identifier-extension]
C/C++:   271 |     return $payload;
C/C++:       |            ^
C/C++: /Users/pavan/Documents/klatchup/klatchup/node_modules/react-native-screens/android/build/generated/source/codegen/jni/react/renderer/components/rnscreens/EventEmitters.cpp:276:48: warning: '$' in identifier [-Wdollar-in-identifier-extension]
C/C++:   276 | void RNSSearchBarEventEmitter::onClose(OnClose $event) const {
C/C++:       |                                                ^
C/C++: /Users/pavan/Documents/klatchup/klatchup/node_modules/react-native-screens/android/build/generated/source/codegen/jni/react/renderer/components/rnscreens/EventEmitters.cpp:278:10: warning: '$' in identifier [-Wdollar-in-identifier-extension]
C/C++:   278 |     auto $payload = jsi::Object(runtime);
C/C++:       |          ^
C/C++: /Users/pavan/Documents/klatchup/klatchup/node_modules/react-native-screens/android/build/generated/source/codegen/jni/react/renderer/components/rnscreens/EventEmitters.cpp:280:12: warning: '$' in identifier [-Wdollar-in-identifier-extension]
C/C++:   280 |     return $payload;
C/C++:       |            ^
C/C++: /Users/pavan/Documents/klatchup/klatchup/node_modules/react-native-screens/android/build/generated/source/codegen/jni/react/renderer/components/rnscreens/EventEmitters.cpp:285:46: warning: '$' in identifier [-Wdollar-in-identifier-extension]
C/C++:   285 | void RNSSearchBarEventEmitter::onOpen(OnOpen $event) const {
C/C++:       |                                              ^
C/C++: /Users/pavan/Documents/klatchup/klatchup/node_modules/react-native-screens/android/build/generated/source/codegen/jni/react/renderer/components/rnscreens/EventEmitters.cpp:287:10: warning: '$' in identifier [-Wdollar-in-identifier-extension]
C/C++:   287 |     auto $payload = jsi::Object(runtime);
C/C++:       |          ^
C/C++: /Users/pavan/Documents/klatchup/klatchup/node_modules/react-native-screens/android/build/generated/source/codegen/jni/react/renderer/components/rnscreens/EventEmitters.cpp:289:12: warning: '$' in identifier [-Wdollar-in-identifier-extension]
C/C++:   289 |     return $payload;
C/C++:       |            ^
C/C++: 138 warnings generated.

> Task :app:configureCMakeDebug[x86_64] FAILED

FAILURE: Build failed with an exception.

* What went wrong:
Execution failed for task ':app:configureCMakeDebug[x86_64]'.
> java.io.IOException: Unable to delete directory '/Users/pavan/Documents/klatchup/klatchup/android/app/.cxx/Debug/3i551o4n/x86_64' after 10 attempts

* Try:
> Run with --stacktrace option to get the stack trace.
> Run with --info or --debug option to get more log output.
> Run with --scan to get full insights.
> Get more help at https://help.gradle.org.

Deprecated Gradle features were used in this build, making it incompatible with Gradle 9.0.

You can use '--warning-mode all' to show the individual deprecation warnings and determine if they come from your own scripts or plugins.

For more on this, please refer to https://docs.gradle.org/8.10.2/userguide/command_line_interface.html#sec:command_line_warnings in the Gradle documentation.

BUILD FAILED in 10m 32s
354 actionable tasks: 17 executed, 337 up-to-date
